love,2042
then,2039
when,2009
really,2006
well,1971
up,1953
about,1891
more,1891
good,1795
or,1771
haha,1685
im,1685
time,1661
there,1651
think,1651
all,1618
out,1582
want,1497
too,1472
they,1394
now,1385
going,1368
much,1336
see,1311
had,1224
bc,1184
from,1151
very,1138
go,1115
were,1033
make,1010
need,1007
could,999
feel,990
back,989
day,982
did,975
okay,958
even,953
them,953
wow,944
an,933
being,915
some,907
might,904
got,903
little,867
dont,856
say,853
she,851
been,848
he,828
than,820
things,815
way,799
dont,798
right,774
today,773
its,750
definitely,746
said,745
because,734
lot,726
dont,723
before,720
our,719
yes,714
sure,706
cant,705
thought,697
oh,687
something,687
here,684
still,681
other,677
call,673
bit,670
work,651
video,648
by,647
better,638
never,635
down,632
maybe,626
morning,626
which,625
take,622
youre,614
over,612
getting,609
thing,607
come,603
why,596
people,593
has,592
home,584
though,583
into,580
only,569
glad,567
her,567
after,559
first,548
doing,545
us,541
great,537
happy,534
look,531
again,527
off,525
tell,523
around,521
always,518
any,518
who,511
hahaha,510
sleep,507
long,502
talk,501
mean,498
together,494
two,488
probably,484
thats,475
able,474
makes,474
actually,467
point,467
joseph,466
pretty,461
try,453
made,451
guess,449
those,446
since,441
where,436
both,434
should,432
ever,428
hey,427
class,425
kiss,422
another,420
next,414
life,411
talking,411
wait,408
family,406
same,403
sorry,400
sounds,400
thank,399
give,396
face,395
last,393
trying,391
through,387
every,386
pls,385
days,384
feeling,383
while,382
close,381
head,378
honestly,373
meghan,372
week,367
night,366
ill,360
wanted,358
weird,358
bad,357
its,357
person,355
cute,364
part,349
anything,347
especially,347
fun,347
having,347
let,347
most,345
until,345
bed,343
excited,342
thats,341
already,337
less,333
many,333
hair,329
didnt,328
does,327
different,324
find,324
saying,324
best,321
wont,320
thinking,318
wouldnt,315
hope,313
making,313
told,313
side,311
keep,310
mom,309
chat,306
help,305
hear,304
its,303
real,302
someone,302
each,296
tho,296
nice,295
went,292
few,287
game,286
myself,285
school,284
him,283
yours,283
gonna,281
year,279
quite,277
didnt,274
may,273
coming,269
end,267
show,267
use,265
yay,265
didnt,264
done,264
fair,264
later,264
tonight,263
times,262
whole,262
looking,259
start,257
relationship,256
remember,253
new,251
sense,250
yet,250
kinda,249
food,248
man,248
enough,247
ooo,246
wild,245
rn,241
either,240
name,240
arent,239
soon,239
wanna,239
away,238
years,236
hours,235
super,235
date,234
put,234
seeing,234
their,233
mm,232
thanks,230
cuddle,229
such,227
minutes,226
ones,223
idea,222
ive,222
mind,221
giving,220
eyes,219
mine,216
moment,216
basically,214
once,212
watch,211
rest,209
against,205
art,205
phone,205
ah,204
his,204
nothing,203
kids,202
sweet,202
tomorrow,202
else,201
ended,201
closer,200
friends,199
hard,198
leave,198
aw,197
least,196
chicago,195
seen,195
eat,194
message,194
sound,194
room,193
saw,192
share,192
idk,190
left,190
sometimes,190
almost,189
im,188
interesting,188
early,187
second,187
smile,187
yep,187
hand,186
emily,185
hour,184
ask,183
started,183
break,181
place,181
shirt,181
dinner,180
far,180
dad,179
free,179
funny,179
list,179
theres,179
usually,178
working,178
arms,177
felt,177
without,177
picture,175
everything,174
grateful,174
hopefully,173
body,172
chloe,172
between,171
perfect,170
came,169
big,168
looks,168
walk,168
half,167
needed,167
called,166
anyway,165
weekend,162
course,161
problem,161
ya,160
fine,157
goes,157
reason,156
sad,156
youll,156
doesnt,155
heard,155
parents,155
movie,154
gotta,153
these,152
used,152
yesterday,152
knew,151
kissing,150
taking,150
wedding,149
worst,149
favorite,148
huh,148
watching,148
happen,147
otherwise,147
fingers,146
heart,146
yo,146
wake,145
yup,145
often,142
apartment,141
bring,141
instead,141
stop,141
walking,141
hoping,140
nd,140
under,140
understand,140
asked,139
mass,139
move,139
sent,139
three,138
conversation,137
couple,137
ready,137
small,137
took,136
words,136
future,135
ill,135
nose,135
beautiful,134
florida,134
girl,134
meant,134
nap,134
stuff,134
asleep,133
chest,133
old,133
running,133
talked,133
fall,132
feels,132
realized,132
send,132
song,132
stay,132
tired,132
ways,132
change,131
dating,131
own,130
means,129
past,129
appreciate,128
cool,128
laugh,128
play,128
whenever,128
earlier,127
hahahaha,127
married,127
top,127
figure,126
found,126
guy,126
imma,126
looked,126
month,126
telling,126
wish,126
wrong,126
girlfriend,125
open,125
worry,125
set,124
deal,123
care,122
meet,122
missed,122
run,122
sort,122
supposed,122
tried,122
enjoy,121
wasnt,121
forgot,120
gets,120
nope,120
starting,120
baby,119
comfortable,119
exactly,119
longer,119
amount,118
calling,118
late,118
neck,118
works,118
add,117
kind,117
spicy,117
andrew,116
everyone,116
group,116
okie,116
campus,114
cause,114
crazy,113
hold,113
lay,113
possible,113
word,113
happiness,112
story,112
goose,111
hit,111
months,111
amazing,110
forehead,110
live,110
rather,110
type,110
cold,108
except,108
proud,108
terrible,108
cannot,107
cuddling,107
hands,107
yourself,107
fit,106
havent,106
meeting,106
number,106
seems,106
water,106
weeks,106
doesnt,105
flight,105
learn,105
line,105
wear,105
eh,104
extra,104
mhm,104
plan,104
voice,104
classes,102
names,102
planning,102
slightly,102
car,101
during,101
fast,101
leaving,101
space,101
wonderful,101
spend,100
turn,100
vision,100
whatever,100
study,99
surprise,99
although,98
friday,98
mostly,98
plus,98
sitting,98
full,97
high,97
knowing,97
boyfriend,95
drive,95
gently,95
happened,95
imagine,95
job,95
says,95
sleeping,95
check,94
mess,94
thats,94
unless,94
experience,93
pay,93
read,93
figured,92
friend,92
hot,92
isnt,92
question,91
sign,91
youve,91
case,90
confused,90
dream,90
gave,90
med,90
seem,90
sigh,90
win,90
dance,89
similar,89
wasnt,89
woah,89
crawl,88
havent,88
realize,88
schedule,88
summer,88
world,88
arm,87
foot,87
loved,87
money,87
music,87
warm,87
asking,86
child,86
liked,86
lips,86
massage,86
wearing,86
chance,85
completely,85
matter,85
moving,85
near,85
studying,85
using,85
woke,85
happens,84
library,84
miss,84
prof,84
reading,84
wonder,84
anyone,83
girls,83
helpful,83
thursday,83
important,82
leg,82
living,82
photos,82
sit,82
surprised,82
agree,81
aint,81
along,80
annoying,80
computer,80
fibro,80
finished,80
gotten,80
worried,80
comes,79
laying,79
middle,79
party,79
semester,79
sleepy,79
apparently,78
book,78
code,78
photo,78
power,78
certain,77
forget,77
josh,77
couldnt,76
met,76
pull,76
short,76
worse,76
birthday,75
eating,75
exam,75
ton,75
usual,75
waiting,75
decided,74
guys,74
worked,74
afternoon,73
listening,73
lunch,73
alone,72
headache,72
hilarious,72
house,72
pants,72
somewhat,72
sunday,72
clothes,71
green,71
listen,71
normal,71
ridiculous,71
color,70
dog,70
grad,70
incredibly,70
knows,70
letter,70
slowly,70
text,70
wants,70
door,69
games,69
kisses,69
plenty,69
random,69
forward,68
mentioned,68
brilla,67
fact,67
forever,67
hug,67
isnt,67
lots,67
v,67
yikes,67
answer,66
hearing,66
passed,66
stuck,66
train,66
crawling,65
front,65
gone,65
prefer,65
ring,65
wanting,65
wrap,65
wrapping,65
easy,64
god,64
helps,64
others,64
pick,64
spent,64
stupid,64
trip,64
visit,64
whether,64
absolutely,63
ago,63
airport,63
cuddly,63
grumpy,63
minnesota,63
pain,63
step,63
straight,63
tuesday,63
brain,62
driving,62
dude,62
evening,62
lost,62
musical,62
obviously,62
options,62
shouldnt,62
shower,62
worth,62
across,61
cut,61
easier,61
fight,61
football,61
gentle,61
happening,61
learned,61
messages,61
monday,61
option,61
sweetheart,61
college,60
general,60
holding,60
hurt,60
kid,60
legs,60
must,60
screen,60
waking,60
believe,59
engaged,59
four,59
helping,59
hungry,59
jenny,59
laughing,59
medical,59
present,59
sharing,59
shes,59
taken,59
tickle,59
buy,58
cheek,58
language,58
sending,58
shoulder,58
spot,58
towards,58
wednesday,58
cooking,57
count,57
cream,57
dang,57
data,57
finally,57
join,57
letting,57
particular,57
particularly,57
pillow,57
plane,57
special,57
bringing,56
bus,56
christmas,56
difference,56
hate,56
incredible,56
leaning,56
light,56
likely,56
literally,56
minute,56
roll,56
safe,56
singing,56
social,56
student,56
teaching,56
awkward,55
band,55
busy,55
changed,55
continue,55
fully,55
points,55
quickly,55
bug,54
distance,54
eventually,54
expect,54
fly,54
respond,54
riehm,54
science,54
single,54
smiling,54
stick,54
thoughts,54
wise,54
attractive,53
coding,53
comment,53
expecting,53
frustrated,53
ice,53
isnt,53
moments,53
parking,53
physical,53
physically,53
showing,53
spoil,53
gift,52
given,52
joy,52
needs,52
outside,52
parts,52
playing,52
red,52
twice,52
attention,51
boy,51
concerned,51
exhausted,51
eye,51
joke,51
ohio,51
please,51
putting,51
roommate,51
become,50
card,50
facebook,50
hospital,50
nah,50
smell,50
songs,50
hehe,49
kitchen,49
lean,49
lose,49
luck,49
pass,49
practice,49
self,49
skype,49
solid,49
state,49
store,49
strong,49
actual,48
ahead,48
brought,48
desire,48
dumb,48
huge,48
nana,48
notice,48
quick,48
reasons,48
walked,48
available,47
behind,47
calendar,47
chicken,47
hes,47
human,47
pictures,47
pressure,47
productive,47
project,47
situation,47
slept,47
steal,47
students,47
team,47
touch,47
trust,47
writing,47
children,46
constantly,46
couldnt,46
decent,46
doctor,46
dress,46
etc,46
frustrating,46
ish,46
michigan,46
pizza,46
sappy,46
serious,46
shopping,46
tickling,46
volunteering,46
welcome,46
whats,46
worries,46
awake,45
church,45
example,45
feet,45
hang,45
keeping,45
professional,45
pulling,45
rock,45
rubbing,45
somehow,45
stomach,45
takes,45
truly,45
woo,45
workout,45
challenge,44
double,44
easily,44
generally,44
level,44
loving,44
multiple,44
paying,44
possibly,44
professor,44
resting,44
shirts,44
studio,44
thanksgiving,44
dancing,43
hadnt,43
humor,43
interested,43
named,43
natural,43
white,43
difficult,42
flights,42
grade,42
ill,42
likes,42
non,42
presence,42
remind,42
skin,42
smart,42
somewhere,42
specific,42
staying,42
support,42
turned,42
whoot,42
age,41
apologize,41
ate,41
bathroom,41
beat,41
effort,41
excuse,41
grocery,41
helped,41
hurting,41
image,41
lab,41
large,41
lower,41
save,41
speaking,41
anymore,40
awesome,40
blue,40
cliff,40
cry,40
currently,40
fam,40
finding,40
handle,40
hannah,40
health,40
husband,40
medicine,40
missing,40
places,40
questions,40
realizing,40
response,40
silent,40
table,40
throw,40
ticklish,40
wasnt,40
watched,40
whoa,40
wife,40
yall,40
colors,39
dead,39
die,39
fairly,39
hanging,39
ideal,39
isabella,39
lazy,39
lets,39
lucky,39
marriage,39
mood,39
omg,39
pray,39
pregnant,39
ran,39
sass,39
sneaky,39
south,39
terms,39
throughout,39
weather,39
write,39
beginning,38
falling,38
fault,38
floor,38
glasses,38
honest,38
interview,38
lecture,38
lives,38
mn,38
noticed,38
older,38
playlist,38
post,38
potentially,38
prayer,38
rolling,38
shows,38
sing,38
snuggling,38
soft,38
suit,38
tbh,38
teach,38
test,38
third,38
um,38
wrote,38
ahhh,37
area,37
bugs,37
comfy,37
credit,37
explain,37
extremely,37
faces,37
faith,37
goodnight,37
hi,37
hurts,37
memory,37
none,37
obvious,37
practical,37
push,37
saturday,37
seemed,37
sister,37
ticket,37
aint,36
breath,36
bunch,36
control,36
duck,36
emotions,36
five,36
gainesville,36
loans,36
muscles,36
problems,36
ride,36
seconds,36
starts,36
stories,36
sweaty,36
air,35
alarm,35
clear,35
coffee,35
drop,35
expensive,35
hahahahaha,35
learning,35
onto,35
perfectly,35
plans,35
slow,35
trouble,35
youd,35
apart,34
bigger,34
black,34
blanket,34
changing,34
checked,34
common,34
exercise,34
gives,34
hadnt,34
heck,34
involved,34
lake,34
loud,34
mad,34
moved,34
overly,34
phrase,34
randy,34
reaction,34
seriously,34
spending,34
stressed,34
travel,34
wiggling,34
won,34
yike,34
above,33
attachment,33
corner,33
crush,33
email,33
gotchu,33
inside,33
kept,33
movies,33
necessary,33
normally,33
office,33
planned,33
relationships,33
research,33
rice,33
shot,33
sides,33
tiny,33
window,33
adventure,32
breakfast,32
brown,32
choice,32
couch,32
ends,32
engagement,32
finish,32
funky,32
itll,32
itself,32
laundry,32
lines,32
netflix,32
played,32
process,32
simple,32
snuggle,32
socks,32
spring,32
stress,32
sweetness,32
teeth,32
theres,32
within,32
added,31
allowed,31
argue,31
catholic,31
clearly,31
convo,31
dates,31
decide,31
follow,31
form,31
heather,31
immediately,31
major,31
messaged,31
messaging,31
mouth,31
overwhelmed,31
poor,31
recently,31
showed,31
sooner,31
system,31
tickets,31
tv,31
visiting,31
volunteer,31
absurd,30
anywhere,30
bag,30
chatting,30
choose,30
company,30
cuddles,30
dark,30
david,30
deep,30
distracted,30
doesnt,30
dreams,30
express,30
goodness,30
grinning,30
issue,30
neither,30
opinion,30
opposed,30
possibility,30
reference,30
remembered,30
sassy,30
sick,30
stopped,30
toes,30
totally,30
version,30
ahh,29
anatomy,29
asl,29
baking,29
bible,29
breathing,29
building,29
calls,29
caught,29
conversations,29
decision,29
entire,29
fell,29
filled,29
fits,29
flying,29
held,29
impressed,29
keeps,29
loves,29
math,29
meds,29
mention,29
orlando,29
rule,29
rush,29
tight,29
til,29
anxiety,28
based,28
besides,28
blame,28
board,28
boundaries,28
boys,28
drink,28
energy,28
hmmm,28
honored,28
hun,28
hurricane,28
ideas,28
internet,28
jk,28
lady,28
lead,28
meal,28
news,28
noise,28
note,28
october,28
per,28
personal,28
season,28
shake,28
shared,28
standing,28
strange,28
sun,28
uncomfortable,28
undergrad,28
act,27
adding,27
advice,27
alive,27
alright,27
amusing,27
appreciated,27
artist,27
breaks,27
catch,27
chair,27
communicate,27
contact,27
cook,27
cuddled,27
depending,27
emotional,27
fb,27
focus,27
fruit,27
fyi,27
gas,27
ive,27
lets,27
letters,27
mental,27
promise,27
randomly,27
road,27
scandalous,27
shoot,27
size,27
supportive,27
werent,27
willing,27
wondering,27
accurate,26
budget,26
celebrate,26
convenient,26
dramatic,26
extent,26
figuring,26
force,26
grace,26
gym,26
hasnt,26
havent,26
limit,26
melt,26
messed,26
miles,26
mode,26
naps,26
naturally,26
nerves,26
paper,26
parish,26
period,26
program,26
progress,26
purpose,26
pushing,26
routine,26
sat,26
shoulders,26
soup,26
switch,26
track,26
twin,26
wall,26
whats,26
wrapped,26
bugging,25
changes,25
cheese,25
compliment,25
conscious,25
consider,25
crying,25
enjoying,25
faster,25
freaking,25
goofy,25
icecream,25
impressive,25
lets,25
necessarily,25
nervous,25
nickname,25
online,25
pack,25
regular,25
related,25
residency,25
return,25
spice,25
stubborn,25
view,25
weight,25
ability,24
assumed,24
breaking,24
classic,24
convince,24
current,24
daniel,24
deeper,24
enjoyed,24
expected,24
extended,24
fix,24
flexible,24
ha,24
happier,24
harder,24
heading,24
hmm,24
kevin,24
knowledge,24
kobe,24
laptop,24
low,24
meaning,24
paid,24
picking,24
piece,24
puzzle,24
reach,24
recognize,24
responded,24
shaking,24
soccer,24
squirm,24
stretch,24
tease,24
theres,24
topic,24
typing,24
annoy,23
assume,23
beach,23
blast,23
booty,23
bought,23
boundary,23
broke,23
city,23
closest,23
collarbone,23
cover,23
deeply,23
despite,23
dizzy,23
families,23
friendship,23
grab,23
grow,23
interaction,23
ive,23
jimmy,23
messenger,23
occasionally,23
odd,23
opportunity,23
opposite,23
pee,23
position,23
prayers,23
range,23
reminded,23
separate,23
shorter,23
signs,23
smooth,23
soul,23
statement,23
struggle,23
sweatshirt,23
term,23
timing,23
whisper,23
winning,23
wore,23
younger,23
arts,22
balance,22
ball,22
blood,22
bottom,22
bread,22
careful,22
closed,22
congrats,22
cribbage,22
definition,22
deserve,22
design,22
desk,22
details,22
discussion,22
doubt,22
drama,22
everywhere,22
excitement,22
exciting,22
flip,22
google,22
groups,22
hide,22
hitting,22
keven,22
leaves,22
lights,22
listened,22
lived,22
lmk,22
main,22
mark,22
mentally,22
min,22
nature,22
order,22
ours,22
page,22
patient,22
potential,22
prepare,22
rain,22
relate,22
ryan,22
september,22
significant,22
smaller,22
squeeze,22
stand,22
trees,22
turning,22
understandable,22
versus,22
allergic,21
bam,21
barely,21
cat,21
communication,21
complete,21
content,21
correct,21
coulda,21
couples,21
cousin,21
degree,21
exact,21
fan,21
futon,21
goof,21
heat,21
images,21
jacksonville,21
known,21
kumquat,21
liking,21
luckily,21
mistake,21
partner,21
patients,21
picked,21
preference,21
price,21
problematic,21
raisins,21
rings,21
scare,21
semi,21
seminar,21
setting,21
shut,21
sports,21
stealing,21
taste,21
trash,21
updated,21
werent,21
wifi,21
young,21
absurdly,20
adult,20
august,20
aware,20
banana,20
bet,20
blessed,20
boo,20
broken,20
butt,20
checking,20
cheeks,20
clueless,20
comments,20
competition,20
context,20
cost,20
cross,20
crossing,20
curl,20
died,20
differently,20
dishes,20
episode,20
finger,20
goal,20
gold,20
healthy,20
higher,20
honey,20
john,20
key,20
knee,20
lifting,20
napping,20
needing,20
peace,20
pretend,20
provide,20
raise,20
shorts,20
slight,20
sneaking,20
sore,20
spots,20
subtle,20
sweat,20
teacher,20
technically,20
toledo,20
total,20
training,20
trial,20
adorable,19
ahhhh,19
allow,19
anytime,19
background,19
brothers,19
cheaper,19
complicated,19
confidence,19
correctly,19
cracker,19
crit,19
curious,19
dated,19
describe,19
distracting,19
experienced,19
experiences,19
focused,19
freshman,19
generous,19
greatly,19
gross,19
heres,19
history,19
id,19
ignore,19
joking,19
marry,19
meklit,19
midwest,19
mischievous,19
mornings,19
motivation,19
musicals,19
naming,19
nights,19
orientation,19
outfit,19
personality,19
pieces,19
pool,19
porch,19
praying,19
pulled,19
quiet,19
rough,19
rub,19
scooting,19
section,19
sensitive,19
several,19
shift,19
silly,19
skiff,19
sometime,19
son,19
specifically,19
tells,19
temperature,19
tend,19
throwing,19
traveling,19
trips,19
turns,19
written,19
accidentally,18
admit,18
affection,18
babies,18
bar,18
beauty,18
became,18
becoming,18
begin,18
boring,18
btw,18
capable,18
clue,18
confusing,18
cousins,18
disappointed,18
distract,18
due,18
ears,18
esp,18
fancy,18
feelings,18
fill,18
grandma,18
growing,18
headed,18
holidays,18
homework,18
i,18
information,18
invite,18
jealous,18
jokes,18
lyrics,18
mary,18
match,18
mentor,18
moms,18
moves,18
nicer,18
november,18
parent,18
pet,18
potato,18
receive,18
record,18
row,18
rules,18
sex,18
shave,18
sorta,18
spirit,18
spoiled,18
stressful,18
suspicious,18
tongue,18
tough,18
transition,18
ugh,18
warning,18
wiggle,18
winter,18
woot,18
access,17
account,17
admire,17
affect,17
avoid,17
bathing,17
becomes,17
blankets,17
blown,17
bones,17
born,17
bowl,17
bra,17
chocolate,17
commitment,17
compromise,17
concept,17
considered,17
country,17
drawing,17
drinking,17
dropped,17
ear,17
earl,17
eaten,17
exist,17
explore,17
facing,17
field,17
fish,17
goodbye,17
gorgeous,17
graham,17
grin,17
hardly,17
headaches,17
hits,17
holiday,17
length,17
mail,17
massages,17
material,17
matters,17
mattress,17
mfa,17
muscle,17
park,17
pepper,17
perspective,17
pic,17
pm,17
positive,17
princess,17
puzzles,17
quality,17
reaching,17
rested,17
scenario,17
scoot,17
sheet,17
shoes,17
significantly,17
skip,17
spell,17
station,17
suddenly,17
tag,17
trains,17
upset,17
voicemail,17
wet,17
weve,17
woken,17
woman,17
woulda,17
appointment,16
books,16
boop,16
british,16
cake,16
camino,16
center,16
central,16
cheap,16
cheesy,16
chill,16
constant,16
core,16
counting,16
cramps,16
creepy,16
debating,16
dino,16
direction,16
dr,16
draw,16
dudes,16
eggs,16
fantastic,16
favorites,16
fewer,16
flowers,16
foods,16
freezing,16
hiding,16
however,16
imagining,16
journey,16
kill,16
kinds,16
knots,16
leaf,16
lord,16
matching,16
messing,16
mrs,16
oblivious,16
offer,16
practically,16
priest,16
pun,16
rate,16
receiving,16
risk,16
sketchy,16
skill,16
sounded,16
stage,16
steps,16
stool,16
sudden,16
surprising,16
sweater,16
tampa,16
themselves,16
thus,16
title,16
trade,16
underneath,16
upper,16
vs,16
wildly,16
adjusted,15
adriana,15
aggressive,15
ai,15
aint,15
annoyed,15
april,15
areas,15
awe,15
bats,15
beyond,15
bonding,15
bottle,15
broccoli,15
bump,15
carpet,15
carry,15
cats,15
chunk,15
classmates,15
compared,15
confident,15
consistent,15
counts,15
depends,15
description,15
dining,15
discuss,15
doctors,15
draping,15
fighting,15
fire,15
fitting,15
following,15
forth,15
frame,15
fridge,15
frustrate,15
genius,15
giggle,15
guessing,15
hello,15
herself,15
hopeful,15
hugging,15
insane,15
interest,15
jam,15
joint,15
laughed,15
lesson,15
lib,15
lsu,15
mirror,15
motion,15
museum,15
occasion,15
official,15
opening,15
packed,15
partially,15
pg,15
picturing,15
preparing,15
prices,15
propose,15
public,15
puns,15
quarter,15
relaxing,15
remembering,15
rid,15
round,15
sci,15
score,15
senior,15
sentence,15
shall,15
shots,15
sneak,15
softly,15
stone,15
storm,15
sweatshirts,15
tall,15
tense,15
theory,15
thinks,15
thrown,15
town,15
transfer,15
understanding,15
videos,15
visual,15
weddings,15
weekends,15
weirdness,15
werent,15
whose,15
wide,15
wth,15
addition,14
affected,14
amused,14
anniversary,14
apply,14
appologize,14
argument,14
aunt,14
brother,14
build,14
burden,14
button,14
camera,14
celebration,14
chilly,14
clean,14
committed,14
concern,14
considering,14
curled,14
cycle,14
daily,14
daughter,14
death,14
delicious,14
denmark,14
detroit,14
devlin,14
draft,14
empty,14
ending,14
equally,14
extreme,14
eyebrow,14
feed,14
finishing,14
further,14
giant,14
graduation,14
ground,14
gummy,14
halfway,14
insurance,14
intense,14
intentional,14
kozal,14
lemme,14
logic,14
mailbox,14
massaging,14
mercy,14
mini,14
mix,14
noodle,14
nowhere,14
originally,14
others,14
ourselves,14
overwhelming,14
pair,14
parties,14
passing,14
peaceful,14
pink,14
pop,14
popular,14
potatoes,14
professors,14
purposely,14
queen,14
raining,14
received,14
reminds,14
required,14
respect,14
route,14
salmon,14
scared,14
sexy,14
shock,14
skills,14
sliding,14
sophomore,14
stadium,14
street,14
strength,14
stressing,14
swimming,14
talent,14
talks,14
tan,14
taught,14
tech,14
tons,14
touchdown,14
unfortunately,14
unit,14
update,14
vaguely,14
vocation,14
walks,14
whereas,14
wisconsin,14
accept,13
adjust,13
allergies,13
animal,13
anxious,13
bake,13
basic,13
boat,13
boss,13
bothering,13
bowling,13
brings,13
career,13
category,13
circle,13
closet,13
closing,13
comforting,13
complaining,13
confirm,13
confuse,13
connection,13
couldnt,13
covers,13
crash,13
dads,13
dislike,13
doc,13
drained,13
dried,13
dynamic,13
eastern,13
endearment,13
ex,13
explaining,13
fabric,13
fuzzy,13
gifts,13
gratitude,13
gut,13
halloween,13
hasnt,13
hell,13
hes,13
hm,13
hobby,13
holy,13
june,13
killing,13
lie,13
limited,13
meals,13
mindset,13
model,13
nauseous,13
officially,13
opinions,13
personally,13
placing,13
plain,13
plays,13
print,13
priorities,13
prove,13
romantic,13
scary,13
service,13
shape,13
shit,13
shrek,13
simply,13
site,13
speak,13
star,13
startled,13
style,13
supervisor,13
tears,13
teasing,13
tender,13
tension,13
theyre,13
throat,13
tunak,13
tune,13
twins,13
typed,13
types,13
typical,13
uchicago,13
wash,13
whoops,13
worn,13
wyatt,13
zero,13
actively,12
address,12
adventures,12
afraid,12
afterwards,12
alarms,12
app,12
appearance,12
ass,12
assignment,12
badly,12
base,12
bean,12
beforehand,12
biggest,12
bone,12
brilliant,12
brush,12
buildings,12
camp,12
chances,12
chaos,12
circles,12
clarify,12
clinic,12
collar,12
combined,12
competitive,12
cookie,12
cookies,12
cutting,12
dinosaur,12
discussing,12
dying,12
easter,12
education,12
effect,12
event,12
events,12
father,12
fed,12
final,12
flirt,12
forgetting,12
gate,12
gazing,12
grandparents,12
groceries,12
happily,12
heads,12
host,12
id,12
impression,12
info,12
issues,12
javascript,12
joe,12
kissed,12
larger,12
loan,12
lol,12
longest,12
los,12
losing,12
m,12
marrying,12
master,12
melting,12
milk,12
nbc,12
noises,12
notes,12
opened,12
opportunities,12
package,12
paloma,12
paperwork,12
perhaps,12
permission,12
preferred,12
primary,12
processing,12
proposal,12
purple,12
rained,12
react,12
recent,12
reception,12
refer,12
returning,12
review,12
safely,12
secret,12
sends,12
showering,12
sight,12
sleepily,12
sleeve,12
smells,12
someones,12
spoon,12
sticking,12
strongly,12
submit,12
tear,12
ten,12
tmi,12
trombone,12
uhuh,12
undergrads,12
understood,12
unique,12
unknown,12
unrelated,12
upon,12
veggies,12
voices,12
volleyball,12
volume,12
waist,12
website,12
weed,12
wind,12
women,12
acceptable,11
accidently,11
action,11
activities,11
advantage,11
alabama,11
alcohol,11
attack,11
below,11
bench,11
bend,11
block,11
blonde,11
blueberries,11
bored,11
brushing,11
butter,11
cards,11
carrying,11
causing,11
celebrating,11
chin,11
commit,11
compliments,11
connected,11
consistently,11
convinced,11
covered,11
cracking,11
creative,11
crossed,11
cushion,11
delayed,11
directions,11
dish,11
dry,11
e,11
entirely,11
environment,11
fat,11
film,11
fixed,11
flies,11
flopping,11
flower,11
fool,11
forgotten,11
forms,11
georgia,11
grandpa,11
gray,11
habit,11
headphones,11
hugs,11
hung,11
i,11
imagined,11
include,11
independent,11
influence,11
kidding,11
land,11
laughter,11
limits,11
location,11
lonely,11
makeup,11
mentors,11
mia,11
mid,11
monica,11
nahhhh,11
nails,11
neighbors,11
noon,11
notre,11
nurse,11
ohare,11
overwhelm,11
packing,11
pelvis,11
physician,11
player,11
porque,11
pouting,11
prepared,11
prescription,11
pride,11
promised,11
quiz,11
racing,11
readings,11
recipe,11
relax,11
rent,11
repeat,11
runs,11
safety,11
sake,11
saved,11
schools,11
sell,11
shirtless,11
shop,11
shy,11
signed,11
snack,11
sorts,11
sounding,11
spoiling,11
stare,11
stole,11
strip,11
suggested,11
suppose,11
surprisingly,11
tacos,11
texted,11
texting,11
theater,11
thoughtful,11
threw,11
towel,11
trapped,11
uf,11
uh,11
unconventional,11
university,11
unlike,11
waited,11
wardrobe,11
warmer,11
wars,11
waste,11
wee,11
weirder,11
wood,11
worlds,11
zone,11
acting,10
adoption,10
album,10
allows,10
american,10
answered,10
answers,10
applicable,10
arguing,10
aspect,10
attempt,10
beating,10
box,10
buying,10
cancel,10
cantaloupe,10
cash,10
casual,10
cauliflower,10
chairs,10
chose,10
clinical,10
comfort,10
community,10
comparison,10
complain,10
conundrum,10
countdown,10
cried,10
dealing,10
deciding,10
def,10
degrees,10
development,10
dinosaurs,10
discovered,10
distinction,10
disturb,10
dogs,10
donut,10
downtown,10
drape,10
embrace,10
endearing,10
engineering,10
exhausting,10
explained,10
fake,10
famous,10
flat,10
flu,10
fort,10
foster,10
frog,10
fuck,10
gap,10
garlic,10
genuine,10
gossip,10
grabbing,10
groupme,10
hes,10
himself,10
hip,10
hips,10
hopes,10
hotel,10
hulu,10
id,10
included,10
internally,10
january,10
jeans,10
jesus,10
joining,10
jump,10
jumping,10
kicked,10
kicking,10
knife,10
leading,10
leftovers,10
lightly,10
link,10
lock,10
loose,10
luna,10
lying,10
lymph,10
meat,10
meetings,10
microphone,10
mixed,10
nobody,10
north,10
offended,10
orange,10
original,10
overheard,10
pace,10
pda,10
peanut,10
peds,10
phase,10
popped,10
powers,10
pregnancy,10
prime,10
printer,10
proof,10
puddle,10
quietly,10
rant,10
rare,10
rebel,10
recieve,10
replace,10
restaurant,10
rolled,10
rollercoaster,10
satan,10
security,10
sentiment,10
session,10
shook,10
shown,10
siblings,10
singular,10
southern,10
spaces,10
spectacular,10
stairs,10
stopping,10
stops,10
stronger,10
structure,10
sugar,10
switching,10
ta,10
the,10
tie,10
tightly,10
tone,10
touching,10
tree,10
truth,10
tuition,10
tummy,10
turtle,10
unable,10
uncles,10
unsure,10
visually,10
warmth,10
wherever,10
youtube,10
absolute,9
abuse,9
accident,9
accomplished,9
agreed,9
airports,9
among,9
anne,9
anywho,9
apple,9
apples,9
application,9
article,9
artsy,9
assuming,9
attached,9
authentic,9
average,9
backpack,9
baked,9
birthdays,9
blinds,9
briefly,9
business,9
butterflies,9
cadaver,9
caffeine,9
catan,9
ceremony,9
china,9
cinnamon,9
circumstances,9
club,9
combination,9
comp,9
compare,9
concert,9
continues,9
continuing,9
convincing,9
cooked,9
cooler,9
corn,9
crack,9
cup,9
dame,9
decisions,9
define,9
department,9
diamond,9
disease,9
dive,9
donuts,9
dos,9
dressing,9
drugs,9
dryer,9
duh,9
emergency,9
emotion,9
emotionally,9
endless,9
entering,9
equivalent,9
eve,9
everyday,9
exchange,9
excitedly,9
exercising,9
experiment,9
exposed,9
eyebrows,9
falls,9
female,9
fights,9
flew,9
flour,9
forest,9
freedom,9
frequently,9
fresh,9
function,9
gaze,9
gladly,9
glamour,9
glass,9
grey,9
hadnt,9
hall,9
healthcare,9
hearts,9
heaven,9
heavy,9
holds,9
hole,9
honeymoon,9
hop,9
hose,9
hufflepuff,9
hurricanes,9
including,9
individual,9
intent,9
jacket,9
jaw,9
kiddos,9
king,9
l,9
landed,9
law,9
lawrence,9
lectures,9
lip,9
lit,9
lizard,9
march,9
mask,9
messy,9
midnight,9
mildly,9
minded,9
minds,9
minorly,9
motivate,9
movement,9
n,9
nodes,9
nonsense,9
nov,9
occasions,9
oven,9
painful,9
panicked,9
path,9
pediatric,9
peoples,9
peppers,9
phew,9
piano,9
pictured,9
pie,9
pointing,9
posted,9
prank,9
precious,9
press,9
properly,9
quote,9
quotes,9
reached,9
reality,9
recorded,9
referring,9
reminder,9
requires,9
resident,9
resources,9
responding,9
romance,9
salad,9
sauce,9
scene,9
schedules,9
scratchy,9
seats,9
sec,9
settled,9
shenanigans,9
shocked,9
showered,9
silverware,9
skinny,9
skirt,9
sky,9
smiles,9
snow,9
socially,9
someday,9
speed,9
standard,9
staring,9
stayed,9
studied,9
supported,9
surprises,9
sweatpants,9
swole,9
taco,9
talented,9
teachers,9
tilt,9
tomato,9
tomatoes,9
tour,9
toys,9
tr,9
tracing,9
trapping,9
underwear,9
ups,9
uses,9
valentines,9
visited,9
washing,9
wave,9
web,9
whats,9
yell,9
active,8
activity,8
advisor,8
affectionate,8
ahhhhhh,8
aim,8
amazon,8
appear,8
arabic,8
asian,8
associate,8
attracted,8
audio,8
avoided,8
avoiding,8
backup,8
bags,8
bank,8
baseball,8
basement,8
beaming,8
beds,8
belly,8
beside,8
bf,8
bike,8
bird,8
bits,8
blocks,8
blowing,8
boarding,8
bodies,8
bonus,8
built,8
bumps,8
buttons,8
calm,8
caused,8
chase,8
cheg,8
childrens,8
chips,8
christian,8
cleaning,8
clothing,8
coach,8
colder,8
collection,8
combo,8
comedy,8
connect,8
considerate,8
contacts,8
cracked,8
crashing,8
crinkles,8
crowded,8
crushing,8
culture,8
curling,8
curse,8
danish,8
darling,8
daughters,8
dear,8
debate,8
delay,8
describing,8
deserves,8
designed,8
digger,8
digit,8
digits,8
dingo,8
document,8
dominant,8
doors,8
drag,8
drawn,8
driver,8
drunk,8
enter,8
exams,8
expectations,8
factor,8
factors,8
fail,8
fear,8
financial,8
flash,8
flop,8
formal,8
fro,8
gcf,8
geeking,8
generosity,8
genetics,8
grades,8
graduated,8
grand,8
grass,8
greatest,8
habits,8
hated,8
heartbeat,8
hers,8
highest,8
hiking,8
histology,8
homily,8
honor,8
hoped,8
html,8
hyper,8
increase,8
injured,8
intentionality,8
interact,8
interactions,8
interception,8
intrigued,8
invest,8
investment,8
jobs,8
juice,8
justin,8
keys,8
kick,8
killed,8
ladies,8
lamp,8
league,8
lil,8
limb,8
log,8
lovely,8
lungs,8
majority,8
maker,8
mangoes,8
market,8
marvel,8
microwave,8
minneapolis,8
moral,8
mother,8
mute,8
mw,8
mystery,8
nicknames,8
notifications,8
numbers,8
occasional,8
ot,8
owe,8
pages,8
paint,8
painting,8
pajamas,8
partnership,8
pasta,8
peak,8
perception,8
pin,8
pocket,8
preferences,8
prep,8
pro,8
profile,8
prom,8
pronounced,8
puppy,8
raising,8
ranch,8
re,8
reasonable,8
reciprocate,8
recording,8
regard,8
register,8
regularly,8
replaced,8
resist,8
responses,8
responsible,8
restart,8
results,8
retaliation,8
retirement,8
riehms,8
role,8
rolls,8
sadness,8
sarcastic,8
searching,8
sees,8
shin,8
shrimp,8
similarly,8
slower,8
smiled,8
soak,8
socializing,8
soundtrack,8
sour,8
spanish,8
spare,8
speaker,8
spelling,8
startling,8
stinks,8
stood,8
stores,8
stream,8
string,8
struggling,8
suggest,8
supporting,8
sweeney,8
switched,8
tallahassee,8
terrified,8
thankful,8
theirs,8
theyve,8
tickled,8
tied,8
tolls,8
toss,8
triple,8
truck,8
t-shirt,8
uncle,8
updates,8
useful,8
vacation,8
vague,8
which,8
whispering,8
yelling,8
absent,7
academic,7
adds,7
adventurous,7
affirmation,7
allergy,7
angry,7
ankles,7
applied,7
applying,7
arrived,7
aside,7
asks,7
auburn,7
basket,7
battle,7
bears,7
brand,7
breathe,7
cases,7
catching,7
character,7
characters,7
cheapest,7
cheesecake,7
childrens,7
cincy,7
claim,7
classmate,7
classroom,7
cleared,7
clicked,7
closeness,7
communion,7
conference,7
container,7
contribute,7
contributing,7
courses,7
crap,7
crappy,7
crawled,7
created,7
cuter,7
darker,7
decides,7
defend,7
defined,7
definitions,7
demonstrate,7
desiring,7
dibs,7
diclofenac,7
differences,7
disagree,7
disparities,7
divorce,7
dont,7
dorm,7
dough,7
downstairs,7
dropping,7
ease,7
east,7
ed,7
editing,7
egg,7
element,7
elmo,7
emphasis,7
encouraged,7
engineer,7
entered,7
equal,7
error,7
established,7
everett,7
excessive,7
expanded,7
f,7
fallen,7
farther,7
feedback,7
fiiiiine,7
finals,7
flailing,7
flavor,7
flexibility,7
forced,7
forhead,7
freak,7
fridays,7
friendships,7
functional,7
furniture,7
g,7
galavant,7
gathered,7
gems,7
gentleness,7
german,7
glance,7
gloves,7
goals,7
golf,7
gollum,7
grandchildren,7
grapes,7
grasp,7
greater,7
guarantee,7
guest,7
hallway,7
hardest,7
hat,7
hates,7
highly,7
hog,7
honesty,7
humidity,7
hurry,7
identity,7
illinois,7
immediate,7
impact,7
impress,7
ingrained,7
interacting,7
interviews,7
introduce,7
involves,7
isi,7
jamming,7
java,7
jelly,7
jim,7
judging,7
july,7
junior,7
justice,7
knock,7
languages,7
lap,7
laser,7
led,7
legit,7
letterpress,7
lifetime,7
likey,7
lunches,7
majors,7
mall,7
manage,7
megan,7
meh,7
members,7
men,7
method,7
mfas,7
miserable,7
mixing,7
mlk,7
mommy,7
motivated,7
mr,7
muffins,7
mutual,7
navigate,7
necks,7
nightgown,7
oatmeal,7
obnoxious,7
oct,7
oops,7
openly,7
openness,7
or,7
ordered,7
organized,7
osu,7
overhead,7
pan,7
passion,7
penn,7
personalities,7
pharmacy,7
pho,7
pics,7
pillows,7
pinterest,7
plastic,7
pointed,7
poorly,7
possibilities,7
pouty,7
powerade,7
praise,7
preferable,7
prevent,7
previous,7
priority,7
programming,7
programs,7
pure,7
purposefully,7
queer,7
questioning,7
refuse,7
regards,7
relaxed,7
release,7
relevant,7
reset,7
responds,7
restroom,7
reunion,7
rides,7
rooms,7
rude,7
ruin,7
sadie,7
sadly,7
scheduled,7
scientific,7
scored,7
scroll,7
scrolling,7
scrubs,7
seductive,7
server,7
sheets,7
showers,7
shuttle,7
sickness,7
sided,7
signing,7
slice,7
slide,7
smelled,7
society,7
solved,7
span,7
speech,7
square,7
staff,7
standards,7
stolen,7
stove,7
stripping,7
sucks,7
summers,7
sundays,7
suspicion,7
swollen,7
syllables,7
tally,7
taylor,7
technology,7
temp,7
tempted,7
tenderly,7
terrifying,7
testing,7
texas,7
texture,7
thursdays,7
tickles,7
tobit,7
topics,7
touched,7
toy,7
transportation,7
treat,7
trend,7
trombones,7
tucked,7
twitch,7
u,7
valentines,7
vast,7
vibe,7
videochat,7
walls,7
walsh,7
washed,7
weak,7
wine,7
wishing,7
wonky,7
wyoming,7
yahtzee,7
yellow,7
accent,6
accepted,6
accountable,6
acl,6
actions,6
advance,6
advising,6
affecting,6
affirm,6
allowing,6
amateur,6
america,6
amusement,6
angle,6
announce,6
api,6
applies,6
apps,6
arguably,6
assertive,6
assignments,6
attractiveness,6
automatically,6
awhile,6
bacon,6
balls,6
bands,6
beef,6
blow,6
blueberry,6
boxing,6
buddy,6
buffer,6
burger,6
burn,6
cancer,6
caring,6
carrots,6
cart,6
certainly,6
certificate,6
chanting,6
charge,6
childhood,6
chop,6
chosen,6
cleveland,6
collaborative,6
com,6
commented,6
concerns,6
concious,6
confirmation,6
confusion,6
contain,6
contentment,6
continually,6
convention,6
costs,6
count,6
cozy,6
crunchy,6
css,6
ctxfillstyle=,6
curly,6
curtain,6
curve,6
dangerous,6
dare,6
debated,6
december,6
decently,6
deck,6
deep,6
defense,6
deliver,6
depend,6
described,6
diapers,6
directly,6
discussed,6
disgusting,6
disney,6
do,6
dollar,6
dramady,6
draped,6
drawings,6
dressed,6
dresses,6
dripping,6
dunes,6
ego,6
eight,6
elsewhere,6
emoji,6
ers,6
euchre,6
exception,6
exit,6
expenses,6
explanation,6
explode,6
expression,6
expressions,6
eyed,6
facial,6
failed,6
fairy,6
favor,6
february,6
fellow,6
fibromyalgia,6
files,6
financially,6
flags,6
flavors,6
flow,6
flustered,6
foresee,6
fork,6
fortunate,6
fostering,6
fourth,6
friendly,6
froze,6
frozen,6
garage,6
genes,6
gf,6
glue,6
golden,6
goofball,6
graphic,6
greedy,6
grilled,6
groan,6
groggy,6
guide,6
guitar,6
h,6
hahahah,6
hahahahahaha,6
haircut,6
happiest,6
heights,6
highlight,6
hmmmm,6
homemade,6
hood,6
horizontally,6
horrendous,6
humans,6
ian,6
ignoring,6
imagination,6
impatient,6
impressions,6
indeed,6
indicator,6
injection,6
innocent,6
insanely,6
inspired,6
instance,6
insult,6
interrupting,6
intimate,6
invitation,6
invited,6
involve,6
irish,6
irony,6
isle,6
james,6
joined,6
joshs,6
judge,6
kale,6
korean,6
labor,6
laid,6
lays,6
lemon,6
levels,6
license,6
linked,6
loading,6
loop,6
loses,6
magic,6
magnet,6
mangos,6
map,6
maps,6
margaret,6
mates,6
melted,6
meme,6
memes,6
mindlessly,6
minor,6
mondays,6
monies,6
moody,6
mouse,6
mug,6
mulaney,6
mush,6
muted,6
national,6
nerd,6
nerdy,6
netherlands,6
nicu,6
nor,6
nuggets,6
oddly,6
optimistic,6
outfits,6
pancakes,6
panel,6
papa,6
passes,6
patience,6
pattern,6
peoples,6
perform,6
phrased,6
physicians,6
physics,6
pile,6
planes,6
playoffs,6
plot,6
pockets,6
pout,6
powerpoint,6
pre,6
presents,6
professionals,6
proposed,6
purposes,6
quad,6
rack,6
raised,6
ramen,6
ranked,6
ranking,6
rarely,6
recognizing,6
reflection,6
reflects,6
rehearsal,6
relatively,6
remotely,6
requirement,6
rhyme,6
roles,6
rom,6
rows,6
saturdays,6
scale,6
screenshot,6
sea,6
search,6
seat,6
sharp,6
shelf,6
shes,6
shifting,6
shoe,6
skipped,6
skipping,6
sleeper,6
snooze,6
specialty,6
specify,6
speechless,6
spelled,6
spices,6
spiderman,6
split,6
spread,6
spreading,6
squint,6
squinty,6
squirming,6
squirt,6
st,6
stable,6
starving,6
states,6
status,6
sticker,6
sticky,6
stinky,6
stranger,6
strangers,6
strategy,6
subtly,6
successful,6
sunset,6
superior,6
survive,6
symptoms,6
syncs,6
tale,6
terribly,6
texts,6
toast,6
toe,6
toilet,6
tops,6
torn,6
torso,6
trace,6
trap,6
treated,6
treating,6
tshirt,6
tum,6
ugly,6
unbelievably,6
undershirt,6
unlikely,6
unpack,6
updating,6
variety,6
via,6
warming,6
warn,6
waves,6
wed,6
weirdo,6
welcomed,6
well,6
wheel,6
whom,6
wipe,6
wisdom,6
witch,6
witness,6
wreck,6
x,6
yogurt,6
zi,6
accessible,5
accn,5
adopt,5
adoration,5
adults,5
alert,5
alternating,5
amazed,5
amongst,5
ankle,5
announcement,5
annoyance,5
anticipating,5
appropriate,5
approved,5
articulate,5
artistic,5
aunts,5
authority,5
backs,5
baffled,5
bangs,5
baylor,5
beaches,5
bear,5
beings,5
belong,5
biased,5
biking,5
blades,5
blessing,5
blind,5
blows,5
boca,5
booked,5
boopable,5
bother,5
bound,5
bowls,5
brace,5
bridge,5
bridget,5
bros,5
bubbly,5
bucks,5
buried,5
burned,5
cancelled,5
cardio,5
cares,5
catholicism,5
causes,5
cell,5
charm,5
chatted,5
cheating,5
cheer,5
choco,5
choosing,5
chunky,5
cities,5
click,5
clip,5
clock,5
clouds,5
coat,5
coincidence,5
combine,5
comfortably,5
complex,5
compromising,5
concrete,5
connections,5
contemplating,5
convert,5
cop,5
correction,5
costume,5
cringe,5
crinkling,5
crisis,5
cubby,5
cure,5
curfew,5
curry,5
cuteness,5
cutie,5
dances,5
danger,5
dedication,5
delivery,5
destroy,5
develop,5
dialogue,5
diet,5
differ,5
dig,5
dinos,5
direct,5
director,5
dissection,5
ditch,5
doable,5
dome,5
dory,5
dots,5
drove,5
dust,5
dyed,5
eats,5
effectively,5
elements,5
elizabeth,5
emails,5
english,5
episodes,5
excuses,5
exhibition,5
expectation,5
experiencing,5
extend,5
faculty,5
faithful,5
fajitas,5
fever,5
filling,5
firmly,5
flirty,5
flops,5
followed,5
foreheads,5
freaked,5
freeze,5
frustration,5
gatorade,5
gators,5
gem,5
gene,5
genuinely,5
github,5
glorious,5
grading,5
graduate,5
graph,5
greek,5
guns,5
hassle,5
hidden,5
highschool,5
hill,5
holes,5
homey,5
horse,5
hospitals,5
houses,5
housing,5
hows,5
improve,5
indicate,5
indoor,5
inevitably,5
inferior,5
inflammation,5
initial,5
instantly,5
integrated,5
intention,5
international,5
internships,5
introduced,5
invested,5
ironic,5
isabellas,5
italy,5
jet,5
jokingly,5
jordan,5
journal,5
kaelyn,5
kansas,5
kathryn,5
katie,5
kidnapping,5
knives,5
lack,5
lane,5
lasts,5
latest,5
layover,5
leads,5
learner,5
lick,5
lidocaine,5
lifestyle,5
lift,5
like,5
logging,5
lowest,5
manager,5
marker,5
massive,5
mate,5
max,5
maximum,5
mayhem,5
mayo,5
medium,5
memorize,5
memorized,5
mentions,5
messes,5
metal,5
mexican,5
mile,5
ministry,5
mins,5
misleading,5
modeling,5
modern,5
momma,5
moon,5
moose,5
mountains,5
mulan,5
narrowed,5
neon,5
neurodevelopment,5
noisy,5
noodles,5
noses,5
notification,5
obsessed,5
offered,5
ok,5
oliver,5
opera,5
organizing,5
outdoor,5
parenting,5
participant,5
paste,5
patrick,5
pause,5
paused,5
pediatrics,5
peggy,5
penis,5
periods,5
plaid,5
plums,5
poke,5
politics,5
popping,5
pops,5
poster,5
pot,5
pound,5
ppl,5
practicing,5
preoccupied,5
pressed,5
pretending,5
private,5
pronounce,5
providing,5
puberty,5
pumpkin,5
pushed,5
puts,5
rap,5
raspberry,5
ratio,5
realization,5
recessive,5
recognized,5
recommend,5
reflect,5
regardless,5
replacement,5
representation,5
request,5
require,5
result,5
returned,5
reviews,5
royal,5
rushing,5
sam,5
savings,5
scores,5
scoring,5
se,5
sedentary,5
seduction,5
seeds,5
selves,5
sept,5
setup,5
shaving,5
shawn,5
shiver,5
shoulda,5
sibling,5
sighing,5
silence,5
simultaneously,5
situations,5
sizes,5
slides,5
slytherin,5
smelly,5
smoothie,5
snacks,5
sniffly,5
snuggled,5
solution,5
solve,5
someplace,5
souls,5
spectrum,5
spine,5
splash,5
spooked,5
sport,5
sporty,5
spouse,5
spray,5
spreads,5
spreadsheet,5
stays,5
stir,5
stretches,5
stroke,5
structures,5
studies,5
styles,5
subjects,5
subtitles,5
suburban,5
sums,5
sunrise,5
supa,5
supply,5
sweating,5
sweetest,5
swing,5
sync,5
tab,5
talker,5
tea,5
tearing,5
therefore,5
thousand,5
tighten,5
till,5
timed,5
tip,5
torture,5
touches,5
traditional,5
traffic,5
transitions,5
trucks,5
tunnels,5
tux,5
uber,5
ummm,5
unexpected,5
union,5
unpredictable,5
valentines,5
variation,5
veto,5
victory,5
visits,5
vulnerability,5
vulnerable,5
warmed,5
watermelon,5
weekly,5
weirdly,5
west,5
wheat,5
wink,5
winner,5
wiped,5
wondered,5
woods,5
wording,5
workshop,5
worms,5
worrying,5
wriggling,5
wwii,5
zoo,5
zoom,5
,
,
,
,
,
,
,
,
,
,
,
,
,
,
,
,
,
,
,
,
,
,
,
,
,
,
,
,
,
,
,
,
,
,
,
,
,
,
,
,
,
,
,
,
,
,
,
,
,
,
,
,
,
,
,
,
,
,
,
,
,
,
,
,
,
,
,
,
,
,
,
,
,
,
,
,
,
,
,
,
,
,
,
,
,
,
,
,
,
,
,
,
,
,
,
,
,
,
,
,
,
,
,
,
,
,
,
,
,
,
,
,
,
,
,
,
0%,3
$0 ,2
1%,3
10%,2
20%,3
25%,2
30%,2
40%,3
50%,4
60%,3
70%,2
75%,3
99%,2
2,2
$4 ,2
4,2
$5 ,4
$14 ,2
$20 ,2
28,4
31,2
37,3
39,3
42,2
43,4
44,2
46,4
49,2
51,4
52,2
54,3
58,2
$60 ,2
62,3
67,2
70,3
72,2
79,2
86,2
88,3
95,2
111,2
125,3
134,3
147,3
$150 ,2
189,2
$200 ,4
200,3
$300 ,2
300,2
730,4
750,4
800,4
899,2
908,2
923,2
942,2
945,2
"$1,000 ",3
1030,2
1041,2
1100,2
1970,2
2016,5
2017,5
2018,2
2019,3
2022,4
2085,2
10004,2
21000,2
3-Jan,3
3-Jan,3
12-Jan,3
3-Feb,4
4-Feb,2
5-Feb,2
14-Feb,3
4-Mar,3
4-Mar,2
5-Mar,4
5-Mar,2
5-Apr,4
5-Apr,2
6-Apr,2
7-Jun,4
7-Jul,2
8-Jul,2
9-Jul,2
10-Aug,2
12-Aug,2
5-Sep,2
8-Sep,2
1-Oct,3
3-Oct,2
17-Dec,2
80000,3
"

i",2
"
the",2
#1,4
#2,2
#3,4
$40/,2
^,2
->,2
00s,2
10000 AM,2
100000 AM,3
1030ish,2
10ish,2
113000 AM,4
1145-245,3
11th,3
121500 PM,2
13000 AM,3
14th,3
159-12,2
16th,3
17th,3
18th,2
1980s,2
19th,2
20-25,3
20-30,2
20ish,2
20th,2
21500 AM,2
24/7,2
24-10,2
25th,2
26=,2
26th,2
28-0,2
28th,3
30000 AM,2
30000 AM,2
31000 AM,2
3-6ish,2
3am,2
3c/4e,2
40000 AM,2
41500 AM,2
42600 AM,2
45900 AM,2
47th,2
5+,2
50/50,4
50+,2
51500 AM,3
51st,4
530-7,2
53rd,2
54500 AM,3
55900 AM,2
5c,2
5pm,2
5s,2
60000 AM,4
61500 AM,2
615-910,2
65000 AM,2
6ish,2
70s,3
75000 AM,3
7pm,2
80000 AM,2
800s,2
80s,3
82300 AM,2
830/930,2
830-1130,3
85400 AM,2
91000 AM,2
92400 AM,2
94500 AM,2
a,3
a,2
âah,2
âand,4
âbut,2
âhurtâ,2
âin,2
âjust,3
âmaybe,3
âmeghan,2
âmy,2
âoh,2
âthat,2
âthe,3
âthis,2
âwe,2
âwhat,2
âwow,2
âyeah,3
âyour,2
âyoure,2
a+,2
ð,2
ðð,2
ð,2
ðâ¤ï¸ð,3
ð,3
aaa,3
aback,4
abandon,2
abbreviated,3
abilities,4
abit,2
abnormalities,2
abrasive,2
abroad,3
absence,3
absentmindedly,2
absorb,2
absorbed,2
academics,3
accents,3
accepting,3
accompanied,4
accomplish,2
accomplishments,2
according,4
accounting,2
accuracy,3
accurately,4
aches,4
achieve,3
acidic,4
acknowledge,2
acquainted,2
acronym,4
acts,2
ad,4
adamant,3
addendum,4
addiction,2
addressed,2
adhere,2
adjective,2
adjusting,4
adjustment,3
admiring,4
admissions,2
admitted,3
admitting,3
adobe,2
adolescent,3
adopted,2
adopting,3
adrenal,2
adrenaline,2
adrianas,4
ads,2
adulthood,4
adulting,4
adventuring,4
advisable,2
advisors,3
advocate,2
aesthetically,2
affair,2
affects,4
afferents,2
affirmations,3
afford,3
again,3
againâ,2
agency,4
ages,4
aggresive,2
aggression,3
agreeing,3
agreement,5
agrees,2
ahhhhh,4
aid,5
airplane,4
aisle,5
aka,3
aka,3
aladdin,2
aldi,2
alex,3
alexa,3
alice,2
align,2
alley,2
alligators,2
alllllll,2
allllllll,2
alphabet,2
alrighty,4
altar,2
altered,2
alternate,3
alternative,2
alyssa,2
amateurs,2
amaze,4
amazes,2
amd,2
amelia,2
amounts,5
amuse,2
amuses,3
analogy,3
anatomical,3
anchor,2
ancient,4
and,2
and/or,2
anddddd,2
andrews,4
andrews,3
anemic,4
angel,2
angels,3
anger,5
animals,3
animated,3
animation,3
ank,2
ankou,2
ann,4
anna,4
anniversaries,3
announcing,3
ans,3
answering,4
antibiotics,3
anticipate,3
anticipation,3
antivirus,2
anxiously,2
anya,3
anyways,2
apartments,3
apologies,4
apologized,2
apology,2
apparent,3
appeal,3
appealing,2
appearances,2
appeared,3
appetite,3
appreciates,4
appreciating,2
appreciation,2
appreciative,3
approach,3
approached,3
approaching,2
approve,4
approves,2
apr,4
apron,2
aqua,2
arbitrary,2
arbor,3
arc,2
arch,2
arching,4
arent,2
argumentative,3
arguments,3
ariana,2
arizona,2
armpits,4
army,2
arrange,2
arranged,2
arrangement,3
arrangements,3
arrested,4
arrival,3
arrive,4
arrives,2
artemisia,2
artery,2
arthur,3
articles,4
artists,4
ashamed,2
ashes,2
ashley,4
asia,2
asians,4
aslo,3
asmuch,2
asparagus,4
aspects,4
aspire,4
assembled,2
assert,3
assessment,4
associated,3
association,2
assorted,2
assortment,2
assumption,4
assure,2
athletes,3
athletic,3
atlas,2
attacked,3
attacks,2
attempts,3
attendant,2
attendants,2
attire,4
attitude,3
attraction,4
attributed,3
audition,2
auditioning,2
aug,2
aunts,2
aura,2
authenticity,3
authors,2
auto,2
automatic,2
autonomic,2
autopilot,3
avacado,5
ave,3
avenues,2
averted,2
avocado,4
awful,4
awkwardness,4
awwwwww,4
axis,5
b,3
babys,2
babys,2
backed,2
backstory,3
backtracking,2
backward,2
backwards,3
backyard,2
badge,3
baffles,4
baffling,5
baggy,3
bail,2
balanced,2
balancing,2
bald,3
bali,2
ballet,2
balloon,2
bananas,3
bandstand,2
bandwagon,2
bang,2
banged,3
banging,3
bare,2
bargain,2
bargaining,3
bark,3
barometric,4
barrier,2
bars,4
basically,2
basics,2
basil,2
basilica,2
basis,4
bass,2
bat,5
bath,4
bathrooms,4
baths,3
battata,2
batter,2
battery,4
bc,4
beans,3
bearable,3
bearing,2
bearl,2
beaten,4
beats,5
beau,2
beauuuuuuuuuutiful,2
beckett,2
becuase,2
bedhead,2
bedroom,4
bedtime,2
bee,3
beer,2
bees,2
before,2
began,3
beginnings,2
begins,4
begun,2
behaving,3
beiber,3
belated,2
believable,3
believed,2
bell,2
belle,2
belt,4
bending,3
beneath,2
benedict,2
beneficial,3
benefit,4
benefits,4
bennett,3
bent,3
berate,2
bes,2
bestest,2
bets,2
better/worse,3
betting,2
bg,4
bibles,3
biceps,3
bicker,2
bickering,2
bicycle,2
bill,2
bin,2
bing,2
binge,2
bingo,4
biological,3
birds,5
birth,4
birthdate,2
birthmark,2
birthweight,2
bis,3
biscuit,3
biscuits,4
bisect,2
bishop,2
bitch,2
bite,3
bites,3
bizarre,2
blackout,2
blade,2
blah,2
blaming,3
blank,3
bleed,4
bless,4
blew,4
blimp,2
blinded,2
blink,2
blocked,4
blocking,2
blooded,4
blu,3
blues,2
blurry,3
blush,2
boards,4
bodes,2
boggle,2
boggling,2
bold,3
bologna,2
bombard,2
bond,3
bonded,2
bony,2
bookshelf,2
boom-shaka-lacka,2
boop-able,2
booping,3
boost,3
boots,3
bop,4
boping,3
bopping,3
borrow,3
borrowed,2
botched,2
bothered,3
bothers,3
bottoms,4
bounce,3
bouncing,2
bouquet,2
bout,3
bow,4
bow,2
boxes,3
boyfriend,2
boyfriends,4
brag,4
brained,2
brains,2
branch,3
brands,2
bras,2
brawl,2
breakdown,2
breaker,3
breakfasts,2
breakup,4
breast,2
breaths,2
breeze,4
breezeway,3
brian,3
brick,4
bricks,2
bride,5
bridesmaid,2
bridesmaids,2
brief,2
bright,4
brighten,5
brighter,2
bro,4
broader,2
broadly,3
broadway,4
brooklyn,2
brunch,2
brushed,2
bs,3
bu,2
bubble,2
bubbles,4
buckle,4
budgeted,2
budgeting,3
buffalo,2
bugged,2
bulk,3
bulky,3
bulletin,2
bully,2
bullying,2
bum,2
bundle,3
bundled,3
bunk,3
buns,4
burnout,3
burrito,2
burst,2
bursts,2
burying,2
buses,5
bush,2
bushel,3
bushes,2
bushy,2
butterfly,4
buttermilk,2
butts,2
buzzing,2
bye,2
c++,2
cadmium,2
cakes,2
cal,2
calandar,2
calc,2
calculated,2
calendars,2
calf,2
california,3
call/,2
cameras,2
camped,2
canceled,2
candle,2
candles,2
candy,2
cannon,2
canvas,3
canyon,2
capella,3
capital,2
capitalists,2
capitalization,3
capitalized,3
capri,3
caps,4
capsule,3
caption,2
captured,2
carbs,3
cardboard,4
cared,4
careers,3
carolina,2
carried,4
carrier,4
cars,5
cartilage,2
carton,2
carved,2
cashing,2
cassandra,2
cast,5
casually,4
catches,3
catchy,2
categories,4
catholics,3
causal,2
causality,2
cave,4
cease,2
cedar,3
ceiling,2
celebrated,3
celebrations,2
celeste,2
cells,4
censor,2
cent,2
cents,2
cereal,2
chain,4
chainsaw,2
challenged,4
challenging,3
chang,2
channel,4
chant,2
chap,2
charger,3
chargers,2
charging,4
charity,2
charlie,2
charlotte,3
charming,3
charms,3
charts,4
chaser,2
chasing,2
chastity,2
cheat,2
cheated,4
checkered,2
checkers,2
checkout,2
cheering,3
cheetah,2
chef,2
chemical,3
cherish,3
cherries,4
chewy,4
chi,2
chik-fil-a,3
childbirth,2
chili,3
chillin,2
chilling,3
chinese,4
chip,3
chipmunk,4
chipotle,2
chirstmas,3
chistmas,3
chloes,5
chloes,2
choices,4
choir,2
choking,2
choo,4
chopping,2
chopsticks,2
chores,2
christ,3
christianity,2
christmastime,2
chrome,2
chronic,2
chronically,2
chronologically,4
chubby,2
chuck,3
chuckle,4
chunks,4
churches,2
cider,3
cincinnati,5
circulation,3
circumstance,3
claddagh,3
claimed,4
claims,5
clarification,3
clarified,3
clarifying,4
class,2
classified,2
classify,2
clean,2
cleaned,3
cleaner,2
clearance,2
clearer,2
clemson,5
clerkship,2
clerkships,4
clever,4
climb,4
climbing,4
clips,2
clogged,3
cloudy,2
clues,2
cna,2
co,2
coaches,3
coast,2
coco,2
coded,3
coherent,2
cohesive,2
collarbones,4
collect,2
collective,2
colleges,2
colorful,2
colossians,3
columbus,4
column,4
combining,2
comforted,2
comic,2
command,3
commencement,2
commentary,2
commenting,3
commercial,2
commercials,2
committing,3
commonality,2
communicated,2
communicating,2
communicative,2
commuting,2
companies,2
companion,2
comparable,3
compares,2
comparing,3
compass,2
compete,3
competent,3
complaint,2
complement,4
completed,2
component,4
comprehend,4
comprehensive,4
compression,3
compromised,2
computers,2
concentrate,3
concentrated,4
concepts,3
concerts,2
conciousness,2
conclusion,3
condensation,2
conditioning,2
conditions,2
condo,3
conducive,3
conferences,2
confession,2
confidently,2
confined,2
confirmed,3
confront,2
confrontation,3
confronting,2
congratulate,2
congratulations,4
conjunction,2
connecting,4
connects,2
connotation,3
cons,2
conscientious,4
consciously,5
consciousness,2
consent,2
consequences,2
considerably,2
considerations,3
consistency,2
console,2
constitute,2
construction,3
consuming,3
contagious,2
contained,2
contemplate,2
contemplated,3
continued,3
contract,3
contracting,2
contrary,2
contrast,3
contributed,3
contribution,2
conversion,2
converstation,2
converted,2
convey,3
convincingly,2
convoluted,2
cooker,4
coolest,3
cooperative,2
coordinated,4
coordinating,2
coordination,2
copenhagen,2
copy,2
cord,3
cords,2
corners,3
cornerstone,2
cornhole,3
corrected,2
correcting,2
costco,4
costumes,2
couches,2
cough,4
coughing,2
countdowns,2
counter,4
counterpart,2
countless,3
courage,2
cousin-in-law,2
cousins,4
cousins,3
covalent,2
cow,3
cowell,2
cpr,2
crackers,4
cracks,2
cramping,2
crane,2
cranky,3
crashed,2
craving,2
crazier,2
craziest,3
create,4
creating,2
creativity,2
creature,5
creatures,3
credits,3
creep,5
cremated,3
crevices,2
crew,4
crier,4
cringing,3
crinkle,4
criteria,4
critique,3
croatia,2
crowd,4
cruise,4
cruising,4
crumb,3
crumble,2
crumbles,2
crumbs,3
crushed,4
crushes,4
crutches,2
cs,2
csv,2
cuban,2
cucumbers,2
cuddler,2
cult,4
cum,3
cupping,5
curiosity,3
cursed,2
cursive,2
curtains,3
curves,2
customers,2
cute,2
cuteâ,2
cutest,5
cutoff,2
cuts,3
cuuuuute,3
cuuuuuute,3
cuuuuuuute,2
cvs,4
cyclical,2
d,2
da,3
dad,3
daddy,3
dads,2
dads,2
da-ing,2
damn,3
damp,2
dan,2
danced,2
dancefloor,2
dancer,2
dancin,2
danishes,3
darn,3
dart,2
darth,2
database,2
dave,4
day,3
day,2
dazzling,2
dc,3
deadly,2
deapth,2
dearly,3
deaths,3
debart,4
debatable,2
debt,5
dec,3
decades,4
decimal,2
decisive,2
deconstructed,2
decor,2
decorate,2
decoration,3
decorations,4
decreases,4
default,3
defeat,3
defensive,4
deferred,2
defines,2
definite,3
definitive,2
defying,3
dehydrated,3
dejavu,2
delete,3
deleted,2
delight,3
delve,3
demand,3
demanded,2
demo,4
demon,3
demoted,3
dent,2
denver,2
deodorant,3
deoterant,3
departure,2
dependent,2
depressed,2
depressing,3
depression,2
deprive,2
depth,4
dermatologist,2
descending,2
describes,2
descriptions,4
descriptor,2
descriptors,2
desert,4
deserved,3
deserving,2
designing,4
desirable,2
desired,4
desires,4
desktop,4
dessert,4
destroyed,4
detail,3
detailing,2
detective,2
detectors,2
determine,5
determined,4
developed,3
developing,2
devil,2
devoted,2
dh,3
diagnose,2
diagnosed,5
diagnosis,3
diagnostic,3
diagram,4
diamonds,2
dick,2
dict,2
dictionary,2
didn,2
dies,3
differential,4
digest,2
digestive,2
digital,4
digitally,2
dillon,2
dimension,2
dimensions,2
diminishing,2
dink,2
dinners,4
dip,2
dipping,4
directed,3
directionally,2
directors,2
directtv,2
dirt,3
dirty,4
dis,3
disabilities,2
disability,3
disappoint,2
disappointment,4
disaster,3
discerned,2
discernment,4
discourse,3
discover,2
discovering,2
discussions,3
diseases,2
disgustingly,2
dishwasher,2
disney/pixar,2
display,3
dissect,3
dissected,4
dissecting,3
distinct,3
distraction,2
disturbed,2
disturbing,3
ditching,4
diva,2
divided,2
divine,2
dizziness,3
do,2
doctors,4
doctors,2
doggie,4
doggy,2
dogs,2
dollars,2
dolls,2
dolphins,3
domestic,4
dominated,2
dominic,4
don,2
dong,3
donig,2
dorian,4
dorito,2
dorky,3
dose,4
doses,4
dot,3
doubted,2
doubting,4
doubts,2
doug,4
downhill,2
download,4
downloaded,3
downright,2
downs,4
doze,2
dragged,2
draining,5
drank,2
dreamed,3
drew,2
driehm,5
drifting,3
drinks,2
drip,2
driven,3
drivers,3
drown,3
drying,3
dublin,2
ducky,3
dude,2
dull,2
dum,2
duomo,2
duper,2
dvd,4
dwell,2
dynamics,2
eager,3
eagerly,3
earbuds,2
earliest,4
earn,2
earning,2
earrings,2
eased,2
easing,2
eclectic,2
econ,3
edge,4
edible,5
edit,2
edited,2
edition,2
editor,2
edna,2
educators,2
edwin,3
eek,2
een,2
effected,3
effective,3
effects,4
efficiency,3
efforts,2
ehh,2
ehhh,3
eighth,2
ekgs,2
elbows,3
eldest,2
electric,2
elena,2
ellis,2
elses,3
emailed,3
emailing,4
embarassment,2
embark,2
embarrassed,4
embarrassing,3
embedded,2
embraced,4
embracing,2
emilio,2
emilys,4
emilys,2
emma,2
emmett,2
emogi,2
emotive,2
empathize,3
emperors,2
emphasize,2
emphasizing,2
employed,2
encounter,4
encountered,2
encourage,4
encouraging,4
endgame,2
energized,3
engage,2
engaged/married,3
engaging,2
engrained,3
engraved,2
engrossed,2
enigma,2
enjoyable,5
enjoyment,2
enlighten,3
entails,2
entertaining,4
enthusiastically,2
entitled,2
entry,2
enviornment,2
envy,2
epic,4
equating,3
equation,3
equipment,3
er,4
eric,3
err,2
errands,4
errors,3
es,3
escape,3
escaping,4
espn,4
essay,2
essential,4
essentially,4
est,3
establish,2
establishing,2
estate,4
esther,2
estimate,3
estimating,2
eta,3
eternal,4
eternity,2
ethical,2
eucalyptus,3
evacuate,2
evan,2
evenings,2
evenly,4
evens,2
everybody,3
everyones,2
everytime,3
evidence,2
evident,3
evil,2
exaggerated,5
examples,3
exasperation,2
excessively,2
exchanged,2
exchanging,2
excite,2
exercised,2
exercises,3
exes,2
exhasperated,2
exhaustion,4
exhibit,2
exhilarating,3
existance,2
existed,4
existence,2
exists,3
exorcism,2
expand,5
expansion,3
expedition,2
expend,3
expense,3
experiments,3
expert,4
expertise,2
explains,2
explicitly,5
exploded,2
explodes,2
exploring,4
expose,2
exposing,2
expressed,4
expressing,3
expressive,4
extending,3
extension,4
extraordinarily,4
extravagant,3
extrovert,2
eyou,2
fab,2
fabulous,2
faced,4
facemask,2
faceprint,3
facetime,3
facts,4
fades,3
fading,2
failing,3
failure,2
familia,3
familiar,4
familys,3
familys,2
fanatic,2
fanny,3
farm,4
farmers,3
fart,3
farted,2
farting,3
fascinated,3
fascinating,4
fascination,3
fashion,2
fashionably,2
fashioned,2
fate,2
fathers,2
fatigue,2
fattening,2
faucet,2
faulty,2
favors,3
feast,3
feature,2
features,2
feb,2
fee,4
feeding,4
feeds,2
fees,4
feisty,4
felons,2
felony,2
females,2
fence,2
ferris,2
festivities,2
feta,3
fetal,2
fiancã©,2
fiance,2
fiction,3
fiddle,2
fig,4
fiiiiiiine,3
fiiiiiine,3
file,4
filed,2
fills,3
filming,3
filter,4
finalized,3
finances,5
finds,4
finishes,2
finn,2
fir,2
fired,3
fireflies,4
firefly,4
fireworks,2
firmer,2
fishie,2
fist,4
fixated,2
fixing,4
flag,4
flake,2
flames,2
flaring,2
flashbacks,3
flashes,2
flashing,2
flashlight,2
flashlights,2
flattering,3
flattery,3
fleek,2
flexors,2
fling,3
flipping,5
flirted,3
flirting,3
flirts,4
floating,3
flooding,2
floofy,3
floors,4
floppy,2
floridian,2
floridians,2
flown,2
flow-y,2
fluent,2
fluffy,2
fluid,2
flutter,3
flux,2
fo,4
foam,2
focal,2
focuses,2
focusing,5
fold,4
folding,3
folds,2
folks,3
footage,2
for,2
forbade,2
forbidden,3
forcing,3
foreign,4
forevers,2
forgetful,2
forgets,2
forgive,4
forgiven,2
forks,4
format,2
formed,2
forming,4
formulas,3
forwarding,2
fought,3
foundation,3
fountains,2
fpoons,2
fr,3
fraction,4
frail,3
fram,2
framework,4
francis,2
frank,3
frankincense,4
frankly,4
freaks,4
freaky,2
freckle,2
freckles,3
freeing,2
freelance,3
freestyle,4
freezer,4
french,4
frequency,4
frequent,5
freshener,4
friday-,2
friday-sunday,2
friedrich,2
friends,2
fries,2
frightening,2
frisbee,2
frisky,2
fronts,4
frown,2
frugal,2
fruits,4
frustrates,3
frustratingly,2
frustrations,2
fry,4
fsu,2
fuchsia,2
fucking,3
fuel,2
fulbright,2
fulfilled,2
fumble,3
functionality,3
functioning,2
functions,4
fund,2
funding,3
funeral,3
funnily,2
funnnnnn,2
funsies,2
furious,2
furthest,2
gain,3
gained,2
gaining,2
gainsville,2
gal,4
gallbladder,3
gallon,2
game,2
gameday,2
gamedays,2
garbage,4
garden,4
gardening,2
gather,4
gatherings,2
gbbo,2
geckos,2
gee,3
gender,3
genders,2
generation,2
generations,2
generic,2
genetic,2
genetically,3
genevieve,2
genre,3
george,2
gesture,2
gettin,2
ghost,3
giddy,2
gif,4
gifted,4
gigantic,3
giggling,4
girlfriends,3
girlfriends,2
girls,2
gist,2
glands,3
gleefully,3
glial,2
glimpse,4
glimpses,2
glitch,2
global,2
glory,4
glove,3
glow,2
gnome,2
gods,2
godson,4
golfing,3
gong,3
good,3
good/bad,2
goods,2
goodwill,3
goofiness,2
goofing,3
googled,3
googling,4
gooood,2
gooooood,2
goosebumps,3
gore,2
gospel,2
grabbed,4
graced,2
graces,2
gracious,2
graded,2
grads,4
grain,2
gram,3
gramcracker,3
grandchild,2
granddaughter,2
grandfather,3
grandkids,2
grandmother,3
grandparents,3
granola,2
granted,4
grape,3
graphs,2
graveyard,2
gravity,2
greasy,3
greenland,2
greeted,3
gretchen,2
grew,4
grimace,5
grip,2
groaning,2
groggily,3
groomsmen,3
groove,5
groovy,2
grossly,2
grown,4
grudge,3
grump,4
guard,3
guards,4
gucci,2
guell,2
guessed,3
guesses,2
guests,2
guided,4
guilty,5
gummies,2
gun,3
gunning,2
guru,3
gushed,2
guys,3
haah,2
hahah,4
hahahahahahaha,2
hahahahahahahahaha,2
haired,5
hairs,4
halfsie,3
halftime,4
hallmark,2
hallucinating,2
hamilton,4
hammer,2
hammock,2
hamper,2
handed,2
handing,4
handshakes,2
handsome,3
hangout,2
hangouts,2
hangry,4
hans,2
hansen,3
harass,2
harassment,2
hardware,3
harming,2
harmonies,3
harmony,2
harrison,2
harsh,2
hart,4
hartigan,2
hartman,2
hasnt,2
hatred,2
hats,3
haunted,4
have,2
haven,2
havin,3
hawaiian,3
hay,2
hazard,4
hazy,4
hbu,2
hdmi,4
headline,2
headlock,2
headquarters,2
headset,3
healing,2
hears,2
heartbreak,2
heartburn,3
hearted,3
heartless,2
heated,2
heathers,4
heavier,3
hecka,4
hehehe,3
height,3
helpless,3
hemp,2
hence,2
her,2
hercules,2
here,2
heres,4
heron,2
hesitant,3
hesitation,3
hid,4
hideous,2
hierarchy,3
highlighted,2
highs,2
highschoolers,2
hiked,2
hills,2
hinges,2
hinting,3
hints,5
hipaa,5
hippa,5
hippo,3
hire,2
hired,3
hiring,3
hitchcock,3
hmmmmm,4
hmu,3
ho,3
hobbies,3
hobo,2
hockey,4
hogwarts,2
holder,4
homebody,2
homeboy,3
homecoming,4
homeless,4
homes,2
homesick,2
homilies,2
honk,2
honking,4
honors,2
hoo,2
hoodie,4
hoodies,2
hook,2
hooked,2
hopefully,3
hopeless,5
hopelessly,3
hopped,2
hopping,2
hormones,5
horror,2
horses,2
hotels,3
hotpot,2
hotspot,3
hourish,2
household,3
how,3
hows,2
hr,2
hs,2
hufflepuffs,2
hugged,2
huggy,3
humanly,2
humbled,2
humbling,2
humming,2
humorous,4
hundred,2
hundreds,2
hunger,2
hunter,2
hunting,3
hurtin,2
husbands,2
hush,2
hw,2
hyde,2
hydrants,3
hydrated,2
hype,4
hyped,2
hyperacidity,3
i,3
i;m,4
ibwas,2
icicle,3
identifying,2
idol,2
ids,3
if,2
ignorant,2
ignored,2
ii,4
il,2
illegal,2
illness,3
illogical,2
illustrate,2
im,3
imaging,3
immune,4
impacted,4
impatiently,2
implicit,2
importantly,4
impossible,2
improper,3
improved,5
improvement,4
impulse,3
in,3
inability,2
inam,2
inc,2
incentive,3
inch,4
inches,2
incline,2
includes,4
incognito,2
inconsiderate,2
inconvenient,4
incorrect,3
increased,2
independence,2
india,3
indiana,2
indicates,2
indication,2
indifferent,2
indigestion,2
individually,2
individuals,2
indont,2
industrial,2
ineffable,2
inervations,2
inevitable,2
infamous,3
infant,2
infecting,2
infection,5
infeel,2
inferiority,2
infinity,3
inflatable,2
inflation,2
inflection,2
informatics,3
informed,3
infrequent,4
infrequently,2
ingenious,2
ingenuity,4
ingredients,2
inhave,2
inherently,3
inhibits,2
initializing,3
initially,2
initials,3
inject,3
injections,2
injure,3
injuries,2
injury,2
innervate,3
input,4
inputting,2
insecure,4
insist,2
insistent,2
inspiration,2
inspire,3
inspiring,2
instances,4
instant,2
institute,3
instructions,4
instrumental,2
insulted,2
insults,3
integrate,2
integrity,3
intelligent,3
intended,4
intensely,3
intensive,3
intentionally,3
intentions,2
interacted,3
interface,5
interference,2
internal,4
internship,4
interpret,3
interpreted,3
interrupt,4
interrupted,2
intersection,3
intertwined,4
interupt,2
interviewed,3
interviewing,3
intimacy,4
intimately,2
intimidate,2
intimidating,3
intro,3
introducing,3
introduction,2
introvert,4
introvertedness,2
introverts,2
intrude,2
investigation,2
investing,5
invitations,2
inviting,3
involuntarily,3
involuntary,2
involving,4
inwas,4
inwill,2
iou,4
iowa,4
ipad,2
iron,5
ironing,2
irregular,2
irrelevant,2
irresistible,2
irritated,2
is,2
island,4
it,2
it,2
it,2
it/,2
itâ,2
italian,4
itchy,2
item,4
items,4
itll,5
itll,4
its,3
its,2
j,3
jack,3
jackbox,3
jacked,2
jaguars,2
jail,3
jammed,2
janky,2
jarek,2
jars,3
jason,2
jax,2
jealousy,2
jello,2
jennys,3
jeopardize,2
jeremy,2
jersey,3
jewelry,3
jianu,2
jinx,3
jittery,5
j-o-b,2
jog,2
jointly,2
joints,5
joked,4
jones,2
joooooooseph,3
jooooseph,4
josef,2
joseph,3
joseph,3
joseph,2
josephs,3
josephs,3
joshs,4
jospeh,2
jow,4
json,3
jsut,3
jt,3
judged,3
judgement,2
juicy,2
jumped,4
jun,2
jus,2
just,2
justification,3
justified,2
justify,3
justifying,3
jut,2
k,2
karenina,2
keeper,2
kelly,3
khakis,4
kicker,2
kiddie,3
kiddo,3
kidnap,3
killers,2
kills,4
kilt,2
kimchi,3
kindergarten,2
kinged,2
kisser,3
kitchens,4
kitten,2
kiwi,3
knees,4
knocked,5
knocking,4
knocks,3
knork,3
knot,4
know,2
knowwwww,3
kofta,3
korea,2
la,4
ladys,2
lag,3
lakes,4
landing,4
landlord,2
lands,2
landscape,3
lany,2
lars,2
lasted,4
lasting,3
latin,4
latter,4
laude,3
laughs,3
launched,3
launching,4
lauren,4
lawn,2
laws,3
layer,4
layered,2
layers,3
laziness,2
lb,2
lbs,3
leader,2
leadership,2
leaned,3
leans,2
leap,2
leather,2
lee,2
leftover,2
legalized,3
legally,4
leggings,3
legible,2
leia,2
lemonade,3
lemur,4
lemurs,2
lenny,5
lenses,2
lent,2
leonardo,3
lesser,3
lessons,5
lets,3
lettuce,4
lexington,2
libraries,3
licked,4
licking,2
lid,2
lies,2
lifelong,2
lifted,3
lighter,4
lighthouse,3
lighting,4
lightning,2
lightyears,2
limiting,2
limoncello,2
linda,3
lindsey,2
lined,3
linger,3
lio,2
lion,2
lipstick,3
liquid,3
listed,4
lists,4
literature,3
littleeeeeee,3
litttle,2
liturgical,3
livable,4
load,3
loaded,4
located,2
locations,2
locked,4
locker,2
locks,2
logan,3
logged,2
logistical,2
logistically,2
logo,2
longevity,2
longgggg,3
looping,2
loops,2
loosely,2
looser,2
loser,2
loss,4
losses,2
lottie,4
loudly,4
louisville,3
lounging,4
love,2
lovers,2
loves,2
lovingly,4
lowercase,2
lows,3
lp,2
luckier,2
lucy,3
luggage,2
lump,2
lunatic,2
lupus,2
lure,2
lust,2
lyric,4
ma,3
mac,4
machine,3
machines,2
maddie,2
madison,3
madly,4
mae,3
maggots,5
magical,3
magna,3
maid,3
mailed,3
mainly,3
maintain,2
maintenance,2
majorly,2
makers,2
male,4
mallrat,2
mama,2
mamma,4
manâ,2
manageable,3
managed,3
management,4
maneuver,2
maneuvering,2
manifest,2
manifests,3
manipulate,4
manipulating,2
manipulation,4
manipulative,2
maniscalco,2
manner,3
mannerisms,2
manners,2
marathon,2
marching,4
maria,2
marijuana,2
marina,2
marital,2
marked,3
markers,2
marks,3
maroon,2
marriages,2
marshmallows,3
masala,3
massachusetts,3
mastered,2
masters,3
mat,4
matched,4
matches,3
mateo,2
materials,5
maternity,2
matilda,2
matlab,2
matt,4
matthew,2
mature,3
maybe,2
maybeeee,2
maybeeeeeeee,3
maybeeeeeeeee,2
mayer,4
mayyyybe,4
mayyyyy,2
mayyyyybe,4
mayyyyyy,2
mayyyyyyybe,2
mcdonalds,2
md,2
me,3
me/,3
meanie,2
meaningful,3
meaningless,2
measuring,3
media,3
medically,3
medication,2
medications,4
mediocre,2
mediterranean,2
meeee,5
meeeeee,4
meeeeeeee,2
meets,2
meg,4
mega,3
meghan,4
meghannnn,2
meghannnnnnn,4
meghannnnnnnn,4
meghannnnnnnnn,2
meghanosaurus,2
meghans,3
meghans,2
melons,4
melts,4
member,4
membership,2
memories,4
mendalian,2
mendoza,2
mentality,2
mentioning,2
menu,2
mere,2
merge,2
mermaid,2
metaphor,5
metra,3
metric,3
mhmm,2
mi,3
mic,2
michael,2
microphones,3
midday,4
midst,2
midway,2
midwestern,4
migraine,4
miiiiight,4
mike,2
mild,3
milestone,3
military,3
millimeter,2
million,3
minus,2
miracle,4
miracles,2
miscarriage,2
mischief,4
misconceptions,2
miserably,2
misinterpreted,2
mislead,4
misses,2
mission,2
misspoke,2
misstep,2
mistaken,3
mistakes,4
mj,4
mmmmmmmm,2
moana,2
mob,3
mobile,2
mochi,2
modest,3
modified,4
modify,2
moist,3
mold,3
momentarily,2
momentous,3
moms,3
moms,2
monetarily,3
monetary,2
monitor,3
monster,4
month-iversaries,2
monthly,4
mooch,2
moods,3
mopeds,2
mormon,4
morning,2
morningggggg,2
mornjng,2
morrissey,2
most,2
mothers,2
mothers,2
motions,2
motivating,3
motivations,4
mouthed,2
mov,2
movin,3
mow,2
mowing,3
mph,2
ms,2
msp,4
msu,4
muffin,4
muggy,2
multi,3
multiples,3
multitask,5
multitasking,4
mumble,2
murder,4
murders,3
muscular,3
museums,4
mushy,3
mustard,3
mustve,2
muttering,2
mutually,2
my,3
my,2
my,2
mysterious,4
myyyy,2
naan,2
nadine,3
nahhhhh,2
nail,5
nailed,3
naked,4
nametags,2
nanas,3
napkin,2
napkins,2
napped,4
nasal,3
natasha,3
nausea,2
navigated,2
navigating,3
navigation,2
navy,3
naw,2
nbd,3
nc,4
nceazy,2
nearby,5
nearer,2
nearly,4
necessity,3
necklace,3
needle,2
needy,2
negative,4
neglected,2
negotiable,2
negotiables,2
neighborhood,4
nermal,3
nerve,4
nervousness,4
ness,2
nestle,4
nestled,3
nestling,4
networking,2
neurologist,2
neurons,3
nevermind,4
newly,4
newsies,2
nfp,3
nicely,4
niceness,2
nicest,2
nick,2
nickname,2
nikolai,2
ninja,2
no,4
nod,3
noe,2
noloop;,2
nonstop,4
nooooooo,5
noooooooo,3
nooooooooo,3
norm,2
northerner,2
northwestern,3
nos,3
nos,2
not,3
not,2
not,2
note,2
notebook,3
nothin,3
noticable,4
noticeable,4
noticing,3
notified,2
nouwen,2
nuanced,2
nude,2
nuisance,2
numb,2
nursery,2
nurses,2
nursing,3
nutcracker,2
nuzzling,3
obicularis,3
object,3
objectifying,3
objective,2
objectively,4
objects,2
obligated,4
obligation,2
obscenely,2
observant,3
observation,2
obsess,3
obsession,2
occupied,2
occur,2
occurred,2
occurrence,3
ocean,3
oclock,2
oculi,3
oddest,2
odds,3
ode,3
odor,2
of,2
ofc,3
offend,2
offensive,2
offering,2
offers,3
officer,2
oh,2
ohhhhh,2
ohhhhhhh,3
ohio,2
oil,3
oils,2
okayyyy,2
okayyyyyy,2
okayyyyyyy,2
ol,2
oldest,2
olds,3
olives,3
olympics,2
ominous,2
one,4
one-liners,2
ones,3
onion,4
onions,2
onslaught,2
oo,3
oof,3
oohhh,2
oomph,2
ooooh,4
oooohhhhh,2
oooooh,4
oooooohhhhhhh,2
ooooooohhhhh,2
ooooooooo,2
ope,4
opener,2
opens,2
opposites,4
ordering,2
orders,2
ordinary,4
ore,4
organs,3
origionally,3
os,4
osteo,4
osteology,2
others,4
others,3
ou,3
outdoors,3
outgoing,2
outlook,3
outloud,2
outrageously,2
outta,2
overall,4
overalls,2
overdue,2
overflows,2
overlap,5
overloading,4
overnight,3
overprotective,2
override,2
overthink,4
overthinking,2
overwhelmingly,2
ow,3
oxytocin,3
packaged,2
packs,4
paczki,4
pad,3
padding,2
pains,2
painted,2
paints,2
pairs,2
pajama,4
pale,3
palm,2
palpable,3
pals,2
pancake,4
pang,4
panic,4
panicing,2
panicking,2
pans,2
pantsless,3
papal,2
papas,2
pappi,3
paradise,2
paranoid,3
parasitic,2
pardon,2
parental,2
parents,3
parents,2
parietals,3
parker,3
parks,3
parmesan,3
parrallax,2
parse,2
partial,2
participants,2
participate,3
participating,2
participation,2
partied,2
partners,4
partying,2
passengers,2
passionate,5
passive,3
password,4
passwords,2
pasty,2
patches,2
paths,2
patin,2
patriotic,2
patronizing,3
patterns,2
paul,4
pausing,2
pavillion,2
payments,2
pbj,2
pburg,2
pcl,3
peanutbutter,2
peas,2
peck,4
peel,5
peep,3
peer,5
peg,2
pen,3
pentatonix,2
peopled,4
peoples,3
percent,3
percentage,3
perceptions,2
perceptive,2
perdiem,2
perfection,3
performing,4
peripheral,2
perks,2
perm,2
permanence,4
permanent,2
peroneal,2
perpetual,2
perpetuate,2
perrysburg,4
persistent,4
persona,2
persons,4
persons,3
persons,2
perspectives,2
pes,4
pessimism,2
pestering,3
pesto,5
peter,4
petition,2
pew,4
phantom,4
pharmacist,4
phd,3
phenomenon,2
philosophical,3
philosophy,2
phones,3
photographer,4
photography,4
photoshopped,2
phrases,2
phrasing,4
pi,2
pickle,3
pickles,2
picks,3
pickup,3
picky,2
picnic,3
pig,2
pigeon,3
pill,2
pine,2
pinned,2
pinterest,2
pit,2
pitiful,2
pituitary,2
pixie,3
pjs,4
pla,2
placed,3
planet,3
planets,2
planner,2
planners,2
plant,2
plate,3
plates,2
platform,2
playah,2
players,3
playful,3
playoff,2
pleasant,3
pleasantly,4
pleased,2
plitvice,2
plop,3
plopping,2
plotted,2
plss,3
plsssssssss,35
plum,3
plural,3
poem,2
poetic,4
poetry,5
pointers,2
poke-a-toe,3
poked,2
polar,2
polaroid,2
poli,2
police,3
policy,3
polisci,2
polish,3
polished,2
polite,2
polo,4
popcorn,4
poppins,2
population,4
populations,3
por,4
portable,3
portfolio,3
portfolios,2
portion,3
portions,3
pose,3
positioning,2
positions,3
postal,2
posting,3
posture,3
pots,2
pounce,2
pounced,2
pouncing,2
pour,3
pouted,2
poverty,2
pow,2
powder,3
powdered,2
powerful,4
powerless,2
powertools,2
ppd,4
practicality,2
pranks,4
prayed,3
precedence,2
precedent,2
precipitation,2
precise,2
precisely,2
predict,2
predictable,3
preemptively,2
preferably,4
pregame,2
preggo,2
prejudice,3
prelude,2
premature,3
prematurely,4
premiere,2
premise,3
preparation,3
prescribed,2
presentation,2
presentations,2
presenting,2
preserved,2
pressing,3
pressured,5
pretended,4
pretentious,3
pretzels,4
preventable,2
preventing,4
previously,3
priced,2
priceless,3
priests,2
primarily,2
printers,2
printing,4
printmaking,2
prints,2
prioritize,3
pritzker,2
privacy,4
privileged,3
proactive,4
probs,4
processes,2
prodigal,2
produce,2
product,2
profession,2
professionalism,4
professionally,2
profs,4
progresses,3
progression,3
progressively,3
projects,3
projects,2
pro-life,2
prominent,2
promises,4
prompt,2
prompting,2
prone,2
pronounced,2
pronouns,2
pronunciation,2
prop,4
proper,4
property,4
proportionally,3
proportions,3
proposing,4
pros,4
protected,2
protein,4
provided,4
provider,2
proving,4
provocative,3
proximity,3
psalms,2
psu,2
psychopathology,3
pub,3
published,2
publix,2
pumped,2
punched,2
punches,4
punching,2
punctured,2
pungent,2
punish,2
punk,3
punt,2
pup,2
pupperino,2
puppers,2
puppies,3
purely,4
purse,3
pursue,4
pushups,3
putt,4
putty,2
pyrex,3
python,4
qb,2
quadratic,2
quaffle,2
qualifies,2
qualities,3
quan,2
quantify,2
que,3
quesadilla,2
quest,3
question,2
questionable,4
quicker,3
quirks,3
quirky,2
quokka,3
quota,2
quoting,2
rabbit,3
race,4
radar,2
radiant,3
radiating,2
radio,3
radius,2
raffy,2
rains,2
rainy,3
rally,2
rambled,2
rankings,2
rapids,2
rarity,2
raspberries,4
rat,2
ratatouille,2
rates,2
raton,2
raunchy,3
ravioli,4
razor,2
reaches,2
reacting,2
reactions,3
reads,2
realllll,2
realllllllly,2
realllllly,4
realllly,2
reallyyyy,3
realm,3
realsies,2
ream,2
reasonably,2
reassure,2
reassuring,5
rebellious,2
rebels,2
rebound,2
recall,3
recalled,2
receding,2
receptor,2
recess,2
recieved,2
recipes,2
reciprocated,4
recognizable,2
recommended,2
records,4
recovered,3
recovery,2
recreate,4
redeem,2
rediscover,2
redo,2
redownloading,2
reeeeally,2
reel,2
reeling,2
ref,2
referrals,3
referred,2
refers,2
refill,2
reflected,2
reflecting,3
reflective,4
reflex,5
refrain,2
regal,2
regions,2
registered,3
registry,5
regret,3
regrets,2
regretted,3
regretting,2
reign,2
reimbursing,2
reiterate,2
reject,3
rejoining,2
relatable,2
relates,2
relating,4
relation,4
released,2
religious,3
relive,2
relying,2
remain,2
remaining,2
remembers,2
reminders,3
reminding,4
removal,3
remove,3
removed,3
remover,2
render,2
rendition,3
repay,4
repeating,2
repetition,3
rephrase,3
replacing,3
replicate,2
reply,4
report,4
represent,2
representative,2
repulsed,3
reputation,2
requirements,2
reread,2
rescheduled,2
researching,3
resend,3
resentment,2
reserve,3
residencies,2
resides,2
resistance,4
resonate,2
resort,2
respectful,2
respecting,2
respects,2
responsibilities,2
restarting,3
restaurants,2
restraint,2
rests,2
retain,2
retake,3
retaliate,3
rethink,3
retract,2
retreat,4
retriever,2
retroactively,4
returns,4
reveal,4
revealed,2
revel,3
revelation,4
reverse,3
reversed,5
reviewed,2
reviewing,2
revise,2
revised,3
revisit,4
reward,2
rewarding,2
rewrote,2
rhuematologist,2
rhymed,2
rhymes,2
rib,3
ribs,4
rich,3
richard,3
richer,2
rick,3
ridiculously,2
ridiculousness,3
riding,5
rightâ,2
riley,4
riot,2
rise,4
roads,2
roast,2
roasted,3
roasting,2
rob,2
roberts,2
rocking,5
rocks,5
rocky,4
rod,3
roller,3
romans,2
romantically,2
rome,3
ronald,2
roof,4
room,2
roommates,5
root,2
rooting,3
roped,2
rosa,3
rosary,4
rose,4
rotation,5
rotations,2
rotten,2
roughly,3
rounds,2
routines,3
rubbed,5
rubber,3
rug,4
ruined,3
ruled,2
rummy,2
runny,3
rushed,4
russia,2
rusty,2
rye,3
s,2
saban,2
sack,2
sacraments,2
sacrifice,4
saf,2
safer,3
saga,3
sagrada,2
saic,2
saint,4
saintliness,2
saints,2
salary,2
sale,2
sales,2
salsa,2
salt,4
salty,2
saluted,2
salvation,2
sammy,2
sample,3
sand,3
sandals,3
sandbagged,2
sandbags,3
sandwich,5
sandwiches,3
sane,3
sang,3
sanitation,2
sappiest,2
sappiness,4
sarah,3
sarcasm,3
sassiness,2
satisfied,3
satisfying,4
sauces,3
saucy,2
saves,2
saving,2
sayin,4
scan,2
scandelous,3
scarcity,5
scares,2
scarier,2
scariest,2
scaring,2
scarred,2
scatterbrained,2
scenarios,3
scheduling,4
scheme,2
scholarship,4
scholarships,3
school,2
science-y,2
scientifically,3
scissors,2
scones,3
scoop,2
scooped,2
scope,2
scottish,2
scoundrel,3
scrabble,2
scraggly,2
scratch,2
scratching,2
scrawny,2
scream,3
screaming,3
screams,3
screens,3
screw,2
screwed,2
scrub,2
scruff,3
sculpture,2
seagulls,2
seams,2
seasons,4
sebastian,2
secondhand,2
secondly,2
secretly,2
secrets,4
sections,5
seek,3
seeming,2
segments,4
seldom,3
select,2
selected,2
selective,5
self-conscious,3
selfie,5
selfish,4
selfless,3
selling,4
sells,2
semantics,4
seminary,3
sense,2
senses,4
sensors,3
sensory,3
sentences,2
sentimental,3
seoul,2
separated,3
separately,3
separation,4
separations,3
sequence,2
serial,2
series,4
servant,2
serve,4
served,3
services,4
serving,4
sets,2
settings,4
severely,3
sexual,4
sexuality,2
sexually,2
shabby,4
shade,3
shadowing,3
shaken,4
shallow,3
shame,2
shaming,2
shaped,2
shares,2
shaved,5
sheep,2
sheer,3
sheldon,4
shell,4
shell,3
shells,2
shes,4
shhhhh,2
shifts,2
shine,2
ship,3
shivering,4
shocking,2
shooting,3
shops,2
shore,3
shortly,2
shout,3
shouting,2
shrug,4
shuffle,2
shuffling,4
shutting,3
siad,2
sid,2
sidewalk,4
sideways,2
siempre,3
sighhhhhh,3
sighhhhhhhh,2
sighs,4
signal,2
signals,4
signature,3
silently,3
silver,3
simba,3
similarity,3
simon,2
sin,2
singers,2
sings,3
sink,3
sinks,4
sinus,2
sinuses,3
sips,3
sir,4
sisters,3
sits,2
six,4
sixth,3
sized,3
skeptical,3
sketchbook,2
skiffs,2
skilled,2
skillet,5
skim,2
skimp,2
skimping,2
skinnier,2
skips,2
skirts,2
skittish,3
skrt,4
skull,3
skunk,2
skunky,2
skydiving,4
skyping,3
skyrocketed,2
slacking,3
slamming,2
slaps,3
slaughter,2
sleepiness,2
sleepover,3
sleeps,2
sleeves,3
sliced,2
slid,2
slidy,2
slim,2
slime,3
sling,2
slip,5
slipped,2
slippery,4
slipping,5
slips,4
slogan,2
slope,2
slot,3
slots,2
sly,2
smallest,3
smash,4
smelling,4
smiley,3
smithsonian,2
smoke,4
smokies,2
smoking,3
smoothies,3
smoothly,4
smother,4
smush,2
smushed,2
snacking,3
snag,2
snap,5
snapchat,3
snapped,2
snarky,2
sneaks,2
sneezing,2
snide,2
sniffles,2
snip,2
snore,4
snores,3
snorted,3
snowball,2
snowflakes,2
snowing,2
snuck,2
snug,2
snuggles,2
so,3
soap,3
sobbing,3
soc,3
socialize,2
sock,4
sofonisba,4
softer,4
softie,3
software,2
solar,3
sold,3
sole,4
solely,4
solidified,3
solving,2
somethings,2
songs,2
sons,4
soooooooo,2
sophmore,4
soreness,4
sorin,4
sorryyyyy,3
sought,2
source,2
sowy,5
sp,4
spain,2
sparkle,2
sparkles,2
sparkling,3
sparkly,3
spaz,2
speach,2
speaks,2
specialties,2
specifics,2
spectacularly,3
speeds,3
speedy,3
spends,2
spewing,2
spheres,2
spicier,3
spiciest,2
spicing,2
spife,2
spike,3
spill,3
spilled,3
spilling,4
spin,4
spinal,3
spinning,2
spiraling,3
spirits,2
spit,2
spite,3
splashing,4
splinter,2
splintered,3
splitting,2
splitwise,2
splurge,3
spoils,2
spoke,4
spoken,3
sponge,2
spooning,3
spoons,4
sporks,2
sporting,2
spotify,5
sprawl,4
sprawled,3
springs,3
sprinkle,3
sprinting,5
spy,3
squad,2
squares,2
squawk,3
squawked,2
squeezing,2
squirrel,2
squirrels,2
srp,3
stabbed,3
stabbing,3
stages,4
stain,3
stalked,3
stalking,2
stamp,2
standardized,2
stands,3
staple,3
starbucks,3
stares,3
stark,2
stars,4
starters,2
startin,2
startle,2
stated,2
statements,3
stating,2
stats,3
statue,3
statuses,2
steady,3
stealth,2
steamy,4
steep,2
stepped,3
stepping,4
stereotype,2
stereotypes,4
stern,3
stickers,4
sticks,4
stillwater,2
stimuli,3
sting,2
stipend,3
stirfry,3
stitch,2
stitches,2
stock,4
stocked,4
stones,2
stoooopid,2
stoppppp,2
storage,2
stored,5
storing,2
storming,2
straighten,3
straightforward,2
stranded,2
strangely,2
strangest,5
strapping,2
straps,2
strawberries,4
strawberry,3
stray,2
streak,3
streamed,2
strengths,2
stresses,3
stretched,2
stretching,3
strict,3
strike,2
strikes,2
strings,3
stripped,3
strive,3
strived,2
struck,3
structural,2
structured,4
struggled,2
struggles,2
stubbornness,2
studios,2
stumble,2
stumbled,2
stump,2
stung,2
stuuuuuupid,3
styling,3
sub,3
subconscious,2
subconsciously,3
subject,4
subjective,3
submitted,2
subscription,3
substantial,2
substituted,2
suburbs,2
success,4
successfully,3
sucked,4
sucking,2
sudoku,4
sue,2
sugars,2
suggesting,3
suggestion,4
suggestive,4
suitcase,2
suits,3
sum,2
summon,4
sung,3
sunpass,2
sunshine,2
superiority,3
supplies,4
supreme,3
surface,4
surgeon,2
surgery,4
surgical,2
surreal,3
surrender,3
surrogate,2
surrounded,4
survey,4
suspect,3
suspected,3
suspense,4
suuuuuure,2
swamp,3
swan,2
swap,2
swat,2
swear,4
sweatheart,2
sweats,5
sweep,2
sweeter,4
sweetie,2
sweetie,2
swelling,3
swift,2
swim,3
swimmer,2
swings,3
swipe,3
swivel,3
sword,2
syllable,2
syllabus,2
symbol,3
syncing,2
tables,3
tablespoons,2
tabs,4
tackle,5
tada,4
tagged,2
tagging,3
tail,4
tailor,2
tajin,2
talents,2
talkative,3
taller,2
tangent,2
tangible,3
tangled,4
tank,4
tantrum,3
tap,2
tape,3
tapping,2
target,4
task,4
tasks,5
tastes,3
tasting,2
tate,2
taxes,2
tbd,2
tch,2
tcu,2
teaches,3
teah,2
teams,3
teared,4
teased,3
teaser,2
technicalities,2
techniques,4
teenage,2
teens,2
tehe,2
temptation,2
tempting,2
tendency,3
tenderness,2
tendonitis,2
tendons,3
tennessee,4
tennis,3
terminology,4
terra,4
territory,3
testament,2
tested,2
tests,4
thai,3
thanked,2
thankfully,3
thankssss,3
thankssssss,3
that,3
that,2
thatd,5
thatll,2
thats,2
the,3
theme,4
theoretical,2
theoretically,4
theories,2
therapist,3
therapy,2
thereby,4
thermometer,2
thermostat,3
thesis,4
they,4
theyll,3
thick,4
thigh,2
thin,3
thirty,2
this,3
this,2
thnk,3
thorough,4
thoroughly,2
though,2
thought,2
threatening,2
threshold,2
thrilled,4
throne,2
throws,5
thru,2
thud,2
thumb,4
thunder,3
thx,3
ti,3
tidbit,2
ties,3
tighter,4
tightness,2
tikka,2
tilapia,3
tile,3
time,2
timeline,4
timer,2
timestamp,3
timestamps,2
timid,3
tinder,2
tiniest,2
tinker,2
tipping,3
tips,3
tiredness,2
tiring,3
tissue,3
tissues,5
to,3
to/,3
to/from,2
toasty,4
today,2
todays,4
toddler,3
toed,2
toenails,4
token,2
tolerance,2
tolerate,4
toll,5
too,2
tools,2
toooooooo,4
toooooooooo,2
tooth,4
toothbrush,2
toothpaste,4
topical,2
topped,2
tornado,2
tortilla,2
totes,2
tougher,2
tournament,4
toward,3
towels,4
trachea,3
tracked,2
tracking,2
tracks,3
tract,2
tractor,2
trades,2
trading,3
tradition,3
traditions,3
trail,5
trailer,3
trailing,2
trained,2
traits,2
trajectory,3
transactional,2
transferred,2
transferring,2
transfers,2
transit,2
transitioned,2
transitioning,5
transitive,2
translate,3
translated,2
translation,3
transpired,2
transponder,3
transport,2
trapp,3
traps,2
traumatic,2
traveled,3
travels,3
tray,2
tread,2
treasure,3
treasuring,2
treatment,2
tremendous,2
tremendously,2
trends,3
trendy,3
tres,2
t-rex,2
trick,2
tricks,2
tries,4
trigger,2
triggered,3
trimming,2
triplets,2
tripped,3
trippy,2
tropical,4
trump,2
trusting,2
tryin,3
tshirts,4
t-shirts,3
tsk,2
tu,2
tuck,2
tuesdays,3
tun,2
tuned,2
tupperware,2
turkey,2
turnovers,3
turtles,3
tutorial,2
tv,3
twerk,2
twist,3
twisted,4
twisting,3
twists,3
twitches,2
twitching,5
twooooo,3
typeface,2
typo,3
uhhhhh,2
ultimate,2
umbrella,3
ummmm,5
unavailable,3
unaware,2
unbelievable,3
unbuttoned,2
uncertain,2
unclear,2
uncomfy,4
unconsciously,2
uncontrollable,2
uncooked,2
undefeated,4
undercover,2
underdog,2
underestimate,3
underripe,2
understandably,2
understands,4
undoubtably,2
unexpectedly,2
unfair,3
unfortunate,2
unfrozen,3
ungracefully,2
unhappy,2
unhealthy,2
unheard,2
unhelpful,2
unimaginable,2
unintentionally,3
uninvited,3
uniquely,2
uniqueness,3
universities,3
unknowingly,2
unknowns,4
unlock,2
unlucky,2
unnecessarily,3
unnecessary,2
unnoticed,2
uno,2
unpacked,2
unpacking,3
unplug,2
unpredictability,2
unsettled,3
untucked,3
unusual,2
unwind,2
unzipping,2
upcoming,3
update,3
upfront,2
upgrade,4
upload,2
upside,4
upstairs,4
urge,2
urgent,2
usage,4
useless,4
user,4
ut,4
uterus,2
utilities,2
utter,3
utterly,2
uva,3
vaccine,4
vacuum,2
vagina,2
valedictorian,2
valid,4
valley,4
value,4
valves,2
van,2
vanilla,3
variable,4
variables,3
variations,2
varicella,3
varies,2
various,4
vary,2
v-ball,2
vegetarian,3
velcro,2
venmo,4
venn,2
ventilation,2
ventra,3
venture,5
venturing,2
venue,2
verbal,2
verbally,4
versed,2
versions,5
vertigo,2
veryyyyyy,2
vessel,3
vessels,4
veterans,3
vetoed,2
vibes,4
vibrant,3
vibrate,3
vice,2
victim,3
victoria,2
video,2
viewing,3
vigil,2
village,2
villian,2
violence,2
violent,2
virginia,3
visceral,2
visible,2
visualization,3
visualize,4
visuals,4
vitals,2
vocal,4
voice,2
volunteered,2
volunteers,2
von,3
vote,4
voting,2
vowels,3
vows,3
vpn,2
w,3
wack,2
waddling,3
waffle,2
waffles,2
wagging,2
wagon,3
wakes,3
walmart,2
wander,3
wandering,5
war,2
warms,2
warned,2
warning,2
warranted,2
washcloth,2
wasted,2
wasting,2
waterbottle,2
waving,4
wavy,4
weakness,2
weaknesses,2
wearable,3
webpage,2
wedge,2
wedgies,2
week,3
weekday,4
weigh,2
weighed,2
weighing,3
weights,2
weird,4
weirdest,5
wel,2
welcoming,4
well,2
wellð,2
were,5
were,3
werewolf,2
weve,3
weve,3
whaaaaaaat,2
whaaaat,2
whacked,2
what,2
whatttttt,2
wheelchair,2
wheeling,4
wheels,4
when,2
where,3
whichever,4
whites,3
whoever,3
wholesome,3
whoop,2
whos,4
why,2
whys,4
wicked,2
widely,2
wider,2
width,2
wierd,2
wifes,3
wifey,3
wil,2
wildest,3
wildness,2
will,3
willingly,2
willingness,2
wimp,3
windows,3
windshield,3
windy,4
wings,4
winky,4
winnie,4
wins,4
wipers,3
wipes,2
wiping,3
wisely,2
wiser,2
wished,5
wishes,5
with,2
with,2
witnessed,2
wives,3
wo,3
woahhhhhh,2
wonderfully,5
wonked,2
woohoo,4
wooooooo,3
woooooooo,2
wooooowwwwwww,2
woop,2
woowwwwww,2
worded,2
worker,3
workers,2
workouts,2
worrisome,2
worthwhile,3
worthy,4
woth,2
woul,2
wowwwwwww,3
wraps,3
wrecked,2
wriggle,2
wrinkled,3
wrinkles,5
wuite,2
xxl,2
xyz,3
y,4
yacht,2
yankees,2
yard,5
yards,4
yatzee,4
yayy,2
yayyy,3
yayyyyyyy,4
yayyyyyyyy,3
ye,3
yea,3
yeahhhhhhhhh,3
years,2
yeha,2
yellowstone,2
yep,2
yes,2
yesssssssss,3
yessssssssss,3
yessssssssssssss,2
yesssssssssssssss,2
yesterdays,3
yetâ,2
yoda,3
yoon,4
yoooo,3
yooooo,3
york,3
you,3
youd,4
youd,2
youngest,2
youngun,2
youre,3
youth,3
youuuuuu,4
youuuuuuu,3
youuuuuuuu,3
youuuuuuuuuu,3
yuck,2
yupppppp,2
zagreb,4
zealand,3
zipper,4
zoey,2
zoomed,2
zootopia,3
FALSE,2
,3
