"Name","Start","End","Duration"
"Active","9/12/2019 8:27:32 AM","9/12/2019 9:08:49 AM","0:41:17"
"Away","9/12/2019 9:08:49 AM","9/12/2019 9:08:58 AM","0:00:09"
"Power off","9/12/2019 9:08:58 AM","9/12/2019 9:11:38 AM","0:02:40"
"Session lock","9/12/2019 9:11:38 AM","9/12/2019 9:11:45 AM","0:00:07"
"Active","9/12/2019 9:11:45 AM","9/12/2019 9:25:13 AM","0:13:28"
"Power off","9/12/2019 9:25:13 AM","9/12/2019 9:29:37 AM","0:04:24"
"Session lock","9/12/2019 9:29:37 AM","9/12/2019 9:30:42 AM","0:01:05"
"Active","9/12/2019 9:30:42 AM","9/12/2019 10:05:34 AM","0:34:52"
"Away","9/12/2019 10:05:34 AM","9/12/2019 10:06:45 AM","0:01:11"
"Power off","9/12/2019 10:06:45 AM","9/12/2019 10:09:31 AM","0:02:46"
"Session lock","9/12/2019 10:09:31 AM","9/12/2019 10:09:38 AM","0:00:07"
"Active","9/12/2019 10:09:38 AM","9/12/2019 10:39:24 AM","0:29:46"
"Away","9/12/2019 10:39:24 AM","9/12/2019 10:54:41 AM","0:15:17"
"Power off","9/12/2019 10:54:41 AM","9/12/2019 3:11:24 PM","4:16:43"
"Session lock","9/12/2019 3:11:24 PM","9/12/2019 3:12:06 PM","0:00:42"
"Active","9/12/2019 3:12:06 PM","9/12/2019 3:29:09 PM","0:17:03"
"Power off","9/12/2019 3:29:09 PM","9/12/2019 3:50:06 PM","0:20:57"
"Session lock","9/12/2019 3:50:06 PM","9/12/2019 3:50:14 PM","0:00:08"
"Active","9/12/2019 3:50:14 PM","9/12/2019 3:54:19 PM","0:04:05"
"Away","9/12/2019 3:54:19 PM","9/12/2019 4:18:23 PM","0:24:04"
"Active","9/12/2019 4:18:23 PM","9/12/2019 4:22:58 PM","0:04:35"
"Away","9/12/2019 4:22:58 PM","9/12/2019 4:59:28 PM","0:36:30"
"Active","9/12/2019 4:59:28 PM","9/12/2019 5:00:38 PM","0:01:10"
"Away","9/12/2019 5:00:38 PM","9/12/2019 5:00:59 PM","0:00:21"
"Power off","9/12/2019 5:00:59 PM","9/12/2019 5:18:41 PM","0:17:42"
"Active","9/12/2019 5:18:41 PM","9/12/2019 5:22:52 PM","0:04:11"
"Active","9/13/2019 8:41:43 AM","9/13/2019 9:10:09 AM","0:28:26"
"Power off","9/13/2019 9:10:09 AM","9/13/2019 9:28:03 AM","0:17:54"
"Session lock","9/13/2019 9:28:03 AM","9/13/2019 9:28:09 AM","0:00:06"
"Active","9/13/2019 9:28:09 AM","9/13/2019 10:07:58 AM","0:39:49"
"Power off","9/13/2019 10:07:58 AM","9/13/2019 12:10:06 PM","2:02:08"
"Session lock","9/13/2019 12:10:06 PM","9/13/2019 12:10:14 PM","0:00:08"
"Active","9/13/2019 12:10:14 PM","9/13/2019 2:10:57 PM","2:00:43"
"Active","9/13/2019 2:10:58 PM","9/13/2019 3:00:56 PM","0:49:58"
"Away","9/13/2019 3:00:56 PM","9/13/2019 3:05:58 PM","0:05:02"
"Power off","9/13/2019 3:05:58 PM","9/13/2019 4:56:56 PM","1:50:58"
"Session lock","9/13/2019 4:56:56 PM","9/13/2019 4:57:05 PM","0:00:09"
"Active","9/13/2019 4:57:05 PM","9/13/2019 5:09:09 PM","0:12:04"
"Power off","9/13/2019 5:09:09 PM","9/13/2019 8:09:16 PM","3:00:07"
"Session lock","9/13/2019 8:09:16 PM","9/13/2019 8:09:25 PM","0:00:09"
"Session lock","9/13/2019 8:39:47 PM","9/13/2019 8:39:48 PM","0:00:01"
"Session lock","9/13/2019 8:39:49 PM","9/13/2019 8:39:54 PM","0:00:05"
"Active","9/13/2019 8:39:54 PM","9/13/2019 8:45:12 PM","0:05:18"
"Away","9/13/2019 8:45:12 PM","9/13/2019 9:01:08 PM","0:15:56"
"Active","9/13/2019 9:01:08 PM","9/13/2019 9:10:11 PM","0:09:03"
"Away","9/13/2019 9:10:11 PM","9/13/2019 9:39:42 PM","0:29:31"
"Active","9/13/2019 9:39:42 PM","9/13/2019 9:40:02 PM","0:00:20"
"Away","9/13/2019 9:40:02 PM","9/13/2019 9:58:20 PM","0:18:18"
"Active","9/13/2019 9:58:20 PM","9/13/2019 10:26:41 PM","0:28:21"
"Active","9/14/2019 10:34:55 AM","9/14/2019 11:32:44 AM","0:57:49"
"Away","9/14/2019 11:32:44 AM","9/14/2019 11:52:48 AM","0:20:04"
"Power off","9/14/2019 11:52:48 AM","9/14/2019 12:43:20 PM","0:50:32"
"Active","9/14/2019 12:43:20 PM","9/14/2019 1:32:01 PM","0:48:41"
"Away","9/14/2019 1:32:01 PM","9/14/2019 1:46:14 PM","0:14:13"
"Active","9/14/2019 1:46:14 PM","9/14/2019 1:48:51 PM","0:02:37"
"Away","9/14/2019 1:48:51 PM","9/14/2019 2:06:24 PM","0:17:33"
"Active","9/14/2019 2:06:24 PM","9/14/2019 2:20:27 PM","0:14:03"
"Away","9/14/2019 2:20:27 PM","9/14/2019 2:33:09 PM","0:12:42"
"Active","9/14/2019 2:33:09 PM","9/14/2019 2:42:41 PM","0:09:32"
"Away","9/14/2019 2:42:41 PM","9/14/2019 4:24:19 PM","1:41:38"
"Active","9/14/2019 4:24:19 PM","9/14/2019 4:43:47 PM","0:19:28"
"Away","9/14/2019 4:43:47 PM","9/14/2019 6:07:36 PM","1:23:49"
"Active","9/14/2019 6:07:36 PM","9/14/2019 6:36:38 PM","0:29:02"
"Session lock","9/14/2019 6:36:38 PM","9/14/2019 6:36:43 PM","0:00:05"
"Power off","9/14/2019 6:36:43 PM","9/14/2019 7:18:56 PM","0:42:13"
"Session lock","9/14/2019 7:18:56 PM","9/14/2019 7:19:29 PM","0:00:33"
"Active","9/14/2019 7:19:29 PM","9/14/2019 7:43:06 PM","0:23:37"
"Away","9/14/2019 7:43:06 PM","9/14/2019 8:01:11 PM","0:18:05"
"Active","9/14/2019 8:01:11 PM","9/14/2019 8:03:53 PM","0:02:42"
"Away","9/14/2019 8:03:53 PM","9/14/2019 9:34:02 PM","1:30:09"
"Active","9/14/2019 9:34:02 PM","9/14/2019 9:34:53 PM","0:00:51"
"Away","9/14/2019 9:34:53 PM","9/14/2019 10:33:51 PM","0:58:58"
"Active","9/14/2019 10:33:51 PM","9/14/2019 10:33:58 PM","0:00:07"
"Active","9/15/2019 10:58:02 AM","9/15/2019 11:59:16 AM","1:01:14"
"Away","9/15/2019 11:59:16 AM","9/15/2019 12:18:29 PM","0:19:13"
"Active","9/15/2019 12:18:29 PM","9/15/2019 2:35:20 PM","2:16:51"
"Away","9/15/2019 2:35:20 PM","9/15/2019 2:36:39 PM","0:01:19"
"Power off","9/15/2019 2:36:39 PM","9/15/2019 3:04:01 PM","0:27:22"
"Session lock","9/15/2019 3:04:01 PM","9/15/2019 3:04:08 PM","0:00:07"
"Active","9/15/2019 3:04:08 PM","9/15/2019 4:24:55 PM","1:20:47"
"Power off","9/15/2019 4:24:55 PM","9/15/2019 4:25:12 PM","0:00:17"
"Session lock","9/15/2019 4:25:12 PM","9/15/2019 4:25:18 PM","0:00:06"
"Active","9/15/2019 4:25:18 PM","9/15/2019 4:26:17 PM","0:00:59"
"Power off","9/15/2019 4:26:17 PM","9/15/2019 4:42:54 PM","0:16:37"
"Session lock","9/15/2019 4:42:54 PM","9/15/2019 4:43:00 PM","0:00:06"
"Active","9/15/2019 4:43:00 PM","9/15/2019 7:14:42 PM","2:31:42"
"Active","9/16/2019 7:55:01 AM","9/16/2019 8:05:30 AM","0:10:29"
"Away","9/16/2019 8:05:30 AM","9/16/2019 8:07:25 AM","0:01:55"
"Power off","9/16/2019 8:07:25 AM","9/16/2019 8:10:04 AM","0:02:39"
"Session lock","9/16/2019 8:10:04 AM","9/16/2019 8:10:21 AM","0:00:17"
"Active","9/16/2019 8:10:21 AM","9/16/2019 8:19:04 AM","0:08:43"
"Away","9/16/2019 8:19:04 AM","9/16/2019 8:29:05 AM","0:10:01"
"Active","9/16/2019 8:29:05 AM","9/16/2019 9:09:37 AM","0:40:32"
"Session lock","9/16/2019 9:09:37 AM","9/16/2019 9:09:44 AM","0:00:07"
"Power off","9/16/2019 9:09:44 AM","9/16/2019 9:13:40 AM","0:03:56"
"Active","9/16/2019 9:13:40 AM","9/16/2019 9:22:51 AM","0:09:11"
"Session lock","9/16/2019 9:22:51 AM","9/16/2019 9:22:58 AM","0:00:07"
"Power off","9/16/2019 9:22:58 AM","9/16/2019 9:32:00 AM","0:09:02"
"Active","9/16/2019 9:32:00 AM","9/16/2019 10:36:35 AM","1:04:35"
"Away","9/16/2019 10:36:35 AM","9/16/2019 10:36:45 AM","0:00:10"
"Power off","9/16/2019 10:36:45 AM","9/16/2019 10:38:35 AM","0:01:50"
"Session lock","9/16/2019 10:38:35 AM","9/16/2019 10:38:40 AM","0:00:05"
"Active","9/16/2019 10:38:40 AM","9/16/2019 11:07:15 AM","0:28:35"
"Session lock","9/16/2019 11:07:15 AM","9/16/2019 11:07:22 AM","0:00:07"
"Power off","9/16/2019 11:07:22 AM","9/16/2019 11:11:54 AM","0:04:32"
"Session lock","9/16/2019 11:11:54 AM","9/16/2019 11:11:59 AM","0:00:05"
"Active","9/16/2019 11:11:59 AM","9/16/2019 11:36:31 AM","0:24:32"
"Away","9/16/2019 11:36:31 AM","9/16/2019 11:36:50 AM","0:00:19"
"Power off","9/16/2019 11:36:50 AM","9/16/2019 11:51:33 AM","0:14:43"
"Session lock","9/16/2019 11:51:33 AM","9/16/2019 11:51:38 AM","0:00:05"
"Active","9/16/2019 11:51:38 AM","9/16/2019 12:01:21 PM","0:09:43"
"Away","9/16/2019 12:01:21 PM","9/16/2019 12:01:33 PM","0:00:12"
"Session lock","9/16/2019 12:01:33 PM","9/16/2019 12:01:38 PM","0:00:05"
"Power off","9/16/2019 12:01:38 PM","9/16/2019 12:47:05 PM","0:45:27"
"Session lock","9/16/2019 12:47:05 PM","9/16/2019 12:47:11 PM","0:00:06"
"Active","9/16/2019 12:47:11 PM","9/16/2019 12:57:14 PM","0:10:03"
"Away","9/16/2019 12:57:14 PM","9/16/2019 12:58:17 PM","0:01:03"
"Power off","9/16/2019 12:58:17 PM","9/16/2019 1:43:07 PM","0:44:50"
"Session lock","9/16/2019 1:43:07 PM","9/16/2019 1:43:12 PM","0:00:05"
"Active","9/16/2019 1:43:12 PM","9/16/2019 1:44:33 PM","0:01:21"
"Away","9/16/2019 1:44:33 PM","9/16/2019 1:44:50 PM","0:00:17"
"Session lock","9/16/2019 1:44:50 PM","9/16/2019 1:44:55 PM","0:00:05"
"Power off","9/16/2019 1:44:55 PM","9/16/2019 3:37:12 PM","1:52:17"
"Session lock","9/16/2019 3:37:12 PM","9/16/2019 3:37:23 PM","0:00:11"
"Active","9/16/2019 3:37:23 PM","9/16/2019 4:50:36 PM","1:13:13"
"Away","9/16/2019 4:50:36 PM","9/16/2019 5:04:51 PM","0:14:15"
"Active","9/16/2019 5:04:51 PM","9/16/2019 5:28:48 PM","0:23:57"
"Power off","9/16/2019 5:28:48 PM","9/16/2019 8:22:49 PM","2:54:01"
"Active","9/16/2019 8:22:49 PM","9/16/2019 8:30:02 PM","0:07:13"
"Active","9/17/2019 7:56:17 AM","9/17/2019 10:38:51 AM","2:42:34"
"Away","9/17/2019 10:38:51 AM","9/17/2019 10:38:58 AM","0:00:07"
"Power off","9/17/2019 10:38:58 AM","9/17/2019 10:41:34 AM","0:02:36"
"Session lock","9/17/2019 10:41:34 AM","9/17/2019 10:41:50 AM","0:00:16"
"Active","9/17/2019 10:41:50 AM","9/17/2019 11:55:53 AM","1:14:03"
"Away","9/17/2019 11:55:53 AM","9/17/2019 11:56:33 AM","0:00:40"
"Power off","9/17/2019 11:56:33 AM","9/17/2019 12:07:15 PM","0:10:42"
"Session lock","9/17/2019 12:07:15 PM","9/17/2019 12:07:31 PM","0:00:16"
"Active","9/17/2019 12:07:31 PM","9/17/2019 12:18:59 PM","0:11:28"
"Power off","9/17/2019 12:18:59 PM","9/17/2019 12:33:52 PM","0:14:53"
"Session lock","9/17/2019 12:33:52 PM","9/17/2019 12:34:18 PM","0:00:26"
"Active","9/17/2019 12:34:18 PM","9/17/2019 12:48:25 PM","0:14:07"
"Away","9/17/2019 12:48:25 PM","9/17/2019 12:48:57 PM","0:00:32"
"Session lock","9/17/2019 12:48:57 PM","9/17/2019 12:49:02 PM","0:00:05"
"Power off","9/17/2019 12:49:02 PM","9/17/2019 2:17:33 PM","1:28:31"
"Session lock","9/17/2019 2:17:33 PM","9/17/2019 2:17:42 PM","0:00:09"
"Active","9/17/2019 2:17:42 PM","9/17/2019 3:23:39 PM","1:05:57"
"Away","9/17/2019 3:23:39 PM","9/17/2019 3:25:04 PM","0:01:25"
"Session lock","9/17/2019 3:25:04 PM","9/17/2019 3:25:09 PM","0:00:05"
"Power off","9/17/2019 3:25:09 PM","9/17/2019 5:35:32 PM","2:10:23"
"Session lock","9/17/2019 5:35:32 PM","9/17/2019 5:35:45 PM","0:00:13"
"Active","9/17/2019 5:35:45 PM","9/17/2019 6:11:48 PM","0:36:03"
"Active","9/18/2019 8:17:06 AM","9/18/2019 8:18:35 AM","0:01:29"
"Power off","9/18/2019 8:18:35 AM","9/18/2019 8:38:08 AM","0:19:33"
"Session lock","9/18/2019 8:38:08 AM","9/18/2019 8:38:30 AM","0:00:22"
"Active","9/18/2019 8:38:30 AM","9/18/2019 9:05:18 AM","0:26:48"
"Power off","9/18/2019 9:05:18 AM","9/18/2019 9:09:02 AM","0:03:44"
"Session lock","9/18/2019 9:09:02 AM","9/18/2019 9:09:09 AM","0:00:07"
"Active","9/18/2019 9:09:09 AM","9/18/2019 10:03:06 AM","0:53:57"
"Power off","9/18/2019 10:03:06 AM","9/18/2019 10:11:41 AM","0:08:35"
"Active","9/18/2019 10:11:41 AM","9/18/2019 11:01:58 AM","0:50:17"
"Power off","9/18/2019 11:01:58 AM","9/18/2019 11:10:48 AM","0:08:50"
"Session lock","9/18/2019 11:10:48 AM","9/18/2019 11:10:53 AM","0:00:05"
"Active","9/18/2019 11:10:53 AM","9/18/2019 11:13:26 AM","0:02:33"
"Away","9/18/2019 11:13:26 AM","9/18/2019 11:13:48 AM","0:00:22"
"Session lock","9/18/2019 11:13:48 AM","9/18/2019 11:13:54 AM","0:00:06"
"Power off","9/18/2019 11:13:54 AM","9/18/2019 3:46:07 PM","4:32:13"
"Session lock","9/18/2019 3:46:07 PM","9/18/2019 3:46:19 PM","0:00:12"
"Active","9/18/2019 3:46:19 PM","9/18/2019 4:03:01 PM","0:16:42"
"Active","9/19/2019 12:43:28 PM","9/19/2019 12:44:22 PM","0:00:54"
"Power off","9/19/2019 12:44:22 PM","9/19/2019 12:48:45 PM","0:04:23"
"Session lock","9/19/2019 12:48:45 PM","9/19/2019 12:48:51 PM","0:00:06"
"Active","9/19/2019 12:48:51 PM","9/19/2019 12:49:46 PM","0:00:55"
"Active","9/19/2019 12:51:48 PM","9/19/2019 1:46:27 PM","0:54:39"
"Power off","9/19/2019 1:46:27 PM","9/19/2019 6:05:52 PM","4:19:25"
"Session lock","9/19/2019 6:05:52 PM","9/19/2019 6:06:04 PM","0:00:12"
"Active","9/19/2019 6:06:04 PM","9/19/2019 6:48:16 PM","0:42:12"
"Active","9/21/2019 7:32:00 PM","9/21/2019 7:40:27 PM","0:08:27"
"Active","9/22/2019 8:51:36 AM","9/22/2019 9:05:09 AM","0:13:33"
"Away","9/22/2019 9:05:09 AM","9/22/2019 9:05:26 AM","0:00:17"
"Power off","9/22/2019 9:05:26 AM","9/22/2019 4:44:05 PM","7:38:39"
"Session lock","9/22/2019 4:44:05 PM","9/22/2019 4:44:29 PM","0:00:24"
"Active","9/22/2019 4:44:29 PM","9/22/2019 5:03:36 PM","0:19:07"
"Active","9/23/2019 8:02:11 AM","9/23/2019 8:16:13 AM","0:14:02"
"Power off","9/23/2019 8:16:13 AM","9/23/2019 8:22:25 AM","0:06:12"
"Session lock","9/23/2019 8:22:25 AM","9/23/2019 8:22:30 AM","0:00:05"
"Active","9/23/2019 8:22:30 AM","9/23/2019 8:48:19 AM","0:25:49"
"Away","9/23/2019 8:48:19 AM","9/23/2019 8:49:24 AM","0:01:05"
"Power off","9/23/2019 8:49:24 AM","9/23/2019 8:58:33 AM","0:09:09"
"Active","9/23/2019 8:58:33 AM","9/23/2019 9:00:58 AM","0:02:25"
"Away","9/23/2019 9:00:58 AM","9/23/2019 9:02:55 AM","0:01:57"
"Power off","9/23/2019 9:02:55 AM","9/23/2019 9:04:12 AM","0:01:17"
"Active","9/23/2019 9:04:12 AM","9/23/2019 9:47:15 AM","0:43:03"
"Power off","9/23/2019 9:47:15 AM","9/23/2019 9:52:57 AM","0:05:42"
"Session lock","9/23/2019 9:52:57 AM","9/23/2019 9:53:07 AM","0:00:10"
"Active","9/23/2019 9:53:07 AM","9/23/2019 10:29:43 AM","0:36:36"
"Power off","9/23/2019 10:29:43 AM","9/23/2019 10:30:30 AM","0:00:47"
"Session lock","9/23/2019 10:30:30 AM","9/23/2019 10:34:22 AM","0:03:52"
"Active","9/23/2019 10:34:22 AM","9/23/2019 10:42:45 AM","0:08:23"
"Away","9/23/2019 10:42:45 AM","9/23/2019 10:55:40 AM","0:12:55"
"Active","9/23/2019 10:55:40 AM","9/23/2019 11:14:58 AM","0:19:18"
"Power off","9/23/2019 11:14:58 AM","9/23/2019 11:18:53 AM","0:03:55"
"Session lock","9/23/2019 11:18:53 AM","9/23/2019 11:18:59 AM","0:00:06"
"Active","9/23/2019 11:18:59 AM","9/23/2019 11:33:30 AM","0:14:31"
"Power off","9/23/2019 11:33:30 AM","9/23/2019 11:38:22 AM","0:04:52"
"Session lock","9/23/2019 11:38:22 AM","9/23/2019 11:38:32 AM","0:00:10"
"Active","9/23/2019 11:38:32 AM","9/23/2019 12:05:24 PM","0:26:52"
"Power off","9/23/2019 12:05:24 PM","9/23/2019 12:20:25 PM","0:15:01"
"Session lock","9/23/2019 12:20:25 PM","9/23/2019 12:21:00 PM","0:00:35"
"Power off","9/23/2019 12:21:00 PM","9/23/2019 2:14:00 PM","1:53:00"
"Session lock","9/23/2019 2:14:00 PM","9/23/2019 2:14:09 PM","0:00:09"
"Active","9/23/2019 2:14:09 PM","9/23/2019 2:27:06 PM","0:12:57"
"Power off","9/23/2019 2:27:06 PM","9/23/2019 5:05:50 PM","2:38:44"
"Session lock","9/23/2019 5:05:50 PM","9/23/2019 5:07:53 PM","0:02:03"
"Active","9/23/2019 5:07:53 PM","9/23/2019 5:15:30 PM","0:07:37"
"Away","9/23/2019 5:15:30 PM","9/23/2019 5:16:53 PM","0:01:23"
"Power off","9/23/2019 5:16:53 PM","9/23/2019 5:54:55 PM","0:38:02"
"Session lock","9/23/2019 5:54:55 PM","9/23/2019 5:55:00 PM","0:00:05"
"Active","9/23/2019 5:55:00 PM","9/23/2019 6:12:59 PM","0:17:59"
"Active","9/24/2019 8:06:39 AM","9/24/2019 8:21:39 AM","0:15:00"
"Away","9/24/2019 8:21:39 AM","9/24/2019 8:33:38 AM","0:11:59"
"Active","9/24/2019 8:33:38 AM","9/24/2019 9:02:37 AM","0:28:59"
"Power off","9/24/2019 9:02:37 AM","9/24/2019 9:03:47 AM","0:01:10"
"Active","9/24/2019 9:03:47 AM","9/24/2019 9:09:45 AM","0:05:58"
"Power off","9/24/2019 9:09:45 AM","9/24/2019 9:12:52 AM","0:03:07"
"Session lock","9/24/2019 9:12:52 AM","9/24/2019 9:13:03 AM","0:00:11"
"Active","9/24/2019 9:13:03 AM","9/24/2019 9:31:25 AM","0:18:22"
"Power off","9/24/2019 9:31:25 AM","9/24/2019 9:55:58 AM","0:24:33"
"Session lock","9/24/2019 9:55:58 AM","9/24/2019 9:56:07 AM","0:00:09"
"Active","9/24/2019 9:56:07 AM","9/24/2019 9:58:55 AM","0:02:48"
"Away","9/24/2019 9:58:55 AM","9/24/2019 10:01:34 AM","0:02:39"
"Power off","9/24/2019 10:01:34 AM","9/24/2019 10:11:04 AM","0:09:30"
"Session lock","9/24/2019 10:11:04 AM","9/24/2019 10:11:09 AM","0:00:05"
"Active","9/24/2019 10:11:09 AM","9/24/2019 10:43:54 AM","0:32:45"
"Away","9/24/2019 10:43:54 AM","9/24/2019 10:44:00 AM","0:00:06"
"Power off","9/24/2019 10:44:00 AM","9/24/2019 10:45:43 AM","0:01:43"
"Session lock","9/24/2019 10:45:43 AM","9/24/2019 10:45:48 AM","0:00:05"
"Active","9/24/2019 10:45:48 AM","9/24/2019 11:54:46 AM","1:08:58"
"Away","9/24/2019 11:54:46 AM","9/24/2019 11:58:24 AM","0:03:38"
"Power off","9/24/2019 11:58:24 AM","9/24/2019 1:10:05 PM","1:11:41"
"Session lock","9/24/2019 1:10:05 PM","9/24/2019 1:10:10 PM","0:00:05"
"Active","9/24/2019 1:10:10 PM","9/24/2019 1:10:57 PM","0:00:47"
"Away","9/24/2019 1:10:57 PM","9/24/2019 1:18:30 PM","0:07:33"
"Power off","9/24/2019 1:18:30 PM","9/24/2019 3:18:46 PM","2:00:16"
"Session lock","9/24/2019 3:18:46 PM","9/24/2019 3:18:55 PM","0:00:09"
"Active","9/24/2019 3:18:55 PM","9/24/2019 4:01:02 PM","0:42:07"
"Away","9/24/2019 4:01:02 PM","9/24/2019 4:27:35 PM","0:26:33"
"Active","9/24/2019 4:27:35 PM","9/24/2019 4:27:59 PM","0:00:24"
"Active","9/25/2019 8:01:08 AM","9/25/2019 8:55:51 AM","0:54:43"
"Away","9/25/2019 8:55:51 AM","9/25/2019 8:55:57 AM","0:00:06"
"Power off","9/25/2019 8:55:57 AM","9/25/2019 9:01:16 AM","0:05:19"
"Session lock","9/25/2019 9:01:16 AM","9/25/2019 9:01:24 AM","0:00:08"
"Active","9/25/2019 9:01:24 AM","9/25/2019 10:47:17 AM","1:45:53"
"Power off","9/25/2019 10:47:17 AM","9/25/2019 10:51:25 AM","0:04:08"
"Session lock","9/25/2019 10:51:25 AM","9/25/2019 10:51:30 AM","0:00:05"
"Active","9/25/2019 10:51:30 AM","9/25/2019 11:31:54 AM","0:40:24"
"Away","9/25/2019 11:31:54 AM","9/25/2019 11:32:01 AM","0:00:07"
"Power off","9/25/2019 11:32:01 AM","9/25/2019 11:44:06 AM","0:12:05"
"Session lock","9/25/2019 11:44:06 AM","9/25/2019 11:44:13 AM","0:00:07"
"Active","9/25/2019 11:44:13 AM","9/25/2019 11:46:41 AM","0:02:28"
"Power off","9/25/2019 11:46:41 AM","9/25/2019 11:48:04 AM","0:01:23"
"Session lock","9/25/2019 11:48:04 AM","9/25/2019 11:52:32 AM","0:04:28"
"Active","9/25/2019 11:52:32 AM","9/25/2019 11:57:11 AM","0:04:39"
"Power off","9/25/2019 11:57:11 AM","9/25/2019 3:38:10 PM","3:40:59"
"Session lock","9/25/2019 3:38:10 PM","9/25/2019 3:38:15 PM","0:00:05"
"Active","9/25/2019 3:38:15 PM","9/25/2019 3:44:06 PM","0:05:51"
"Away","9/25/2019 3:44:06 PM","9/25/2019 3:55:26 PM","0:11:20"
"Active","9/25/2019 3:55:26 PM","9/25/2019 4:17:49 PM","0:22:23"
"Power off","9/25/2019 4:17:49 PM","9/25/2019 4:31:02 PM","0:13:13"
"Session lock","9/25/2019 4:31:02 PM","9/25/2019 4:31:10 PM","0:00:08"
"Active","9/25/2019 4:31:10 PM","9/25/2019 4:40:52 PM","0:09:42"
"Away","9/25/2019 4:40:52 PM","9/25/2019 5:19:30 PM","0:38:38"
"Active","9/25/2019 5:19:30 PM","9/25/2019 5:20:46 PM","0:01:16"
"Away","9/25/2019 5:20:46 PM","9/25/2019 5:34:07 PM","0:13:21"
"Active","9/25/2019 5:34:07 PM","9/25/2019 5:34:25 PM","0:00:18"
"Power off","9/25/2019 5:34:25 PM","9/25/2019 5:37:52 PM","0:03:27"
"Active","9/25/2019 5:37:52 PM","9/25/2019 5:47:59 PM","0:10:07"
"Away","9/25/2019 5:47:59 PM","9/25/2019 6:02:46 PM","0:14:47"
"Active","9/25/2019 6:02:46 PM","9/25/2019 6:19:21 PM","0:16:35"
"Away","9/25/2019 6:19:21 PM","9/25/2019 6:19:27 PM","0:00:06"
"Power off","9/25/2019 6:19:27 PM","9/25/2019 7:20:33 PM","1:01:06"
"Session lock","9/25/2019 7:20:33 PM","9/25/2019 7:20:40 PM","0:00:07"
"Active","9/25/2019 7:20:40 PM","9/25/2019 9:01:18 PM","1:40:38"
"Away","9/25/2019 9:01:18 PM","9/25/2019 9:27:16 PM","0:25:58"
"Active","9/25/2019 9:27:16 PM","9/25/2019 9:28:19 PM","0:01:03"
"Away","9/25/2019 9:28:19 PM","9/25/2019 9:54:48 PM","0:26:29"
"Active","9/25/2019 9:54:48 PM","9/25/2019 10:05:37 PM","0:10:49"
"Active","9/26/2019 7:58:40 AM","9/26/2019 8:50:38 AM","0:51:58"
"Away","9/26/2019 8:50:38 AM","9/26/2019 8:51:54 AM","0:01:16"
"Power off","9/26/2019 8:51:54 AM","9/26/2019 8:57:46 AM","0:05:52"
"Session lock","9/26/2019 8:57:46 AM","9/26/2019 8:57:51 AM","0:00:05"
"Active","9/26/2019 8:57:51 AM","9/26/2019 9:06:07 AM","0:08:16"
"Power off","9/26/2019 9:06:07 AM","9/26/2019 9:29:06 AM","0:22:59"
"Active","9/26/2019 9:29:06 AM","9/26/2019 11:11:58 AM","1:42:52"
"Away","9/26/2019 11:11:58 AM","9/26/2019 11:27:04 AM","0:15:06"
"Power off","9/26/2019 11:27:04 AM","9/26/2019 11:41:40 AM","0:14:36"
"Session lock","9/26/2019 11:41:40 AM","9/26/2019 11:41:46 AM","0:00:06"
"Active","9/26/2019 11:41:46 AM","9/26/2019 11:41:59 AM","0:00:13"
"Away","9/26/2019 11:41:59 AM","9/26/2019 11:46:39 AM","0:04:40"
"Power off","9/26/2019 11:46:39 AM","9/26/2019 11:47:26 AM","0:00:47"
"Active","9/26/2019 11:47:26 AM","9/26/2019 11:56:28 AM","0:09:02"
"Away","9/26/2019 11:56:28 AM","9/26/2019 11:57:05 AM","0:00:37"
"Power off","9/26/2019 11:57:05 AM","9/26/2019 12:23:32 PM","0:26:27"
"Session lock","9/26/2019 12:23:32 PM","9/26/2019 12:24:06 PM","0:00:34"
"Active","9/26/2019 12:24:06 PM","9/26/2019 12:36:22 PM","0:12:16"
"Away","9/26/2019 12:36:22 PM","9/26/2019 12:56:31 PM","0:20:09"
"Power off","9/26/2019 12:56:31 PM","9/26/2019 12:57:36 PM","0:01:05"
"Session lock","9/26/2019 12:57:36 PM","9/26/2019 12:57:44 PM","0:00:08"
"Active","9/26/2019 12:57:44 PM","9/26/2019 2:18:13 PM","1:20:29"
"Away","9/26/2019 2:18:13 PM","9/26/2019 2:29:14 PM","0:11:01"
"Active","9/26/2019 2:29:14 PM","9/26/2019 3:26:06 PM","0:56:52"
"Power off","9/26/2019 3:26:06 PM","9/26/2019 3:54:07 PM","0:28:01"
"Session lock","9/26/2019 3:54:07 PM","9/26/2019 3:54:14 PM","0:00:07"
"Active","9/26/2019 3:54:14 PM","9/26/2019 4:01:27 PM","0:07:13"
"Away","9/26/2019 4:01:27 PM","9/26/2019 4:11:39 PM","0:10:12"
"Power off","9/26/2019 4:11:39 PM","9/26/2019 4:25:14 PM","0:13:35"
"Session lock","9/26/2019 4:25:14 PM","9/26/2019 4:25:30 PM","0:00:16"
"Active","9/26/2019 4:25:30 PM","9/26/2019 4:28:13 PM","0:02:43"
"Away","9/26/2019 4:28:13 PM","9/26/2019 4:29:27 PM","0:01:14"
"Power off","9/26/2019 4:29:27 PM","9/26/2019 4:39:28 PM","0:10:01"
"Active","9/26/2019 4:39:28 PM","9/26/2019 5:04:33 PM","0:25:05"
"Power off","9/26/2019 5:04:33 PM","9/26/2019 9:44:09 PM","4:39:36"
"Session lock","9/26/2019 9:44:09 PM","9/26/2019 9:44:27 PM","0:00:18"
"Active","9/26/2019 9:44:27 PM","9/26/2019 10:04:32 PM","0:20:05"
"Away","9/26/2019 10:04:32 PM","9/26/2019 10:17:44 PM","0:13:12"
"Power off","9/26/2019 10:17:44 PM","9/26/2019 10:38:08 PM","0:20:24"
"Session lock","9/26/2019 10:38:08 PM","9/26/2019 10:38:13 PM","0:00:05"
"Active","9/26/2019 10:38:13 PM","9/26/2019 10:39:08 PM","0:00:55"
"Active","9/27/2019 8:49:48 AM","9/27/2019 8:57:00 AM","0:07:12"
"Away","9/27/2019 8:57:00 AM","9/27/2019 9:04:39 AM","0:07:39"
"Power off","9/27/2019 9:04:39 AM","9/27/2019 1:30:02 PM","4:25:23"
"Session lock","9/27/2019 1:30:02 PM","9/27/2019 1:30:32 PM","0:00:30"
"Active","9/27/2019 1:30:32 PM","9/27/2019 1:44:57 PM","0:14:25"
"Away","9/27/2019 1:44:57 PM","9/27/2019 2:46:06 PM","1:01:09"
"Active","9/27/2019 2:46:06 PM","9/27/2019 2:46:12 PM","0:00:06"
"Away","9/27/2019 2:46:12 PM","9/27/2019 3:20:22 PM","0:34:10"
"Session lock","9/27/2019 3:20:22 PM","9/27/2019 3:20:27 PM","0:00:05"
"Power off","9/27/2019 3:20:27 PM","9/27/2019 3:28:20 PM","0:07:53"
"Session lock","9/27/2019 3:28:20 PM","9/27/2019 3:28:28 PM","0:00:08"
"Active","9/27/2019 3:28:28 PM","9/27/2019 3:32:57 PM","0:04:29"
"Power off","9/27/2019 3:32:57 PM","9/27/2019 3:44:54 PM","0:11:57"
"Active","9/27/2019 3:44:54 PM","9/27/2019 3:59:33 PM","0:14:39"
"Power off","9/27/2019 3:59:33 PM","9/27/2019 5:47:14 PM","1:47:41"
"Session lock","9/27/2019 5:47:14 PM","9/27/2019 5:47:19 PM","0:00:05"
"Active","9/27/2019 5:47:19 PM","9/27/2019 6:51:50 PM","1:04:31"
"Active","9/28/2019 10:17:42 AM","9/28/2019 10:35:18 AM","0:17:36"
"Away","9/28/2019 10:35:18 AM","9/28/2019 10:50:00 AM","0:14:42"
"Active","9/28/2019 10:50:00 AM","9/28/2019 10:51:24 AM","0:01:24"
"Power off","9/28/2019 10:51:24 AM","9/28/2019 11:34:26 AM","0:43:02"
"Active","9/28/2019 11:34:26 AM","9/28/2019 12:13:22 PM","0:38:56"
"Away","9/28/2019 12:13:22 PM","9/28/2019 12:33:26 PM","0:20:04"
"Power off","9/28/2019 12:33:26 PM","9/28/2019 2:23:31 PM","1:50:05"
"Active","9/28/2019 2:23:31 PM","9/28/2019 2:48:10 PM","0:24:39"
"Away","9/28/2019 2:48:10 PM","9/28/2019 3:21:20 PM","0:33:10"
"Active","9/28/2019 3:21:20 PM","9/28/2019 3:31:58 PM","0:10:38"
"Power off","9/28/2019 3:31:58 PM","9/28/2019 6:59:39 PM","3:27:41"
"Session lock","9/28/2019 6:59:39 PM","9/28/2019 6:59:53 PM","0:00:14"
"Active","9/28/2019 6:59:53 PM","9/28/2019 7:10:22 PM","0:10:29"
"Power off","9/28/2019 7:10:22 PM","9/28/2019 7:25:24 PM","0:15:02"
"Session lock","9/28/2019 7:25:24 PM","9/28/2019 7:25:30 PM","0:00:06"
"Active","9/28/2019 7:25:30 PM","9/28/2019 7:54:24 PM","0:28:54"
"Away","9/28/2019 7:54:24 PM","9/28/2019 7:54:57 PM","0:00:33"
"Power off","9/28/2019 7:54:57 PM","9/28/2019 7:56:44 PM","0:01:47"
"Session lock","9/28/2019 7:56:44 PM","9/28/2019 7:56:49 PM","0:00:05"
"Active","9/28/2019 7:56:49 PM","9/28/2019 8:18:46 PM","0:21:57"
"Away","9/28/2019 8:18:46 PM","9/28/2019 8:42:39 PM","0:23:53"
"Active","9/28/2019 8:42:39 PM","9/28/2019 8:56:42 PM","0:14:03"
"Away","9/28/2019 8:56:42 PM","9/28/2019 9:34:01 PM","0:37:19"
"Active","9/28/2019 9:34:01 PM","9/28/2019 9:34:07 PM","0:00:06"
"Active","9/29/2019 12:07:40 PM","9/29/2019 12:29:59 PM","0:22:19"
"Away","9/29/2019 12:29:59 PM","9/29/2019 12:30:28 PM","0:00:29"
"Power off","9/29/2019 12:30:28 PM","9/29/2019 1:08:03 PM","0:37:35"
"Session lock","9/29/2019 1:08:03 PM","9/29/2019 1:08:09 PM","0:00:06"
"Active","9/29/2019 1:08:09 PM","9/29/2019 2:23:58 PM","1:15:49"
"Away","9/29/2019 2:23:58 PM","9/29/2019 2:35:10 PM","0:11:12"
"Active","9/29/2019 2:35:10 PM","9/29/2019 3:28:52 PM","0:53:42"
"Away","9/29/2019 3:28:52 PM","9/29/2019 3:40:33 PM","0:11:41"
"Active","9/29/2019 3:40:33 PM","9/29/2019 5:25:48 PM","1:45:15"
"Away","9/29/2019 5:25:48 PM","9/29/2019 5:40:50 PM","0:15:02"
"Active","9/29/2019 5:40:50 PM","9/29/2019 5:45:55 PM","0:05:05"
"Away","9/29/2019 5:45:55 PM","9/29/2019 5:57:03 PM","0:11:08"
"Active","9/29/2019 5:57:03 PM","9/29/2019 6:53:13 PM","0:56:10"
"Away","9/29/2019 6:53:13 PM","9/29/2019 7:03:22 PM","0:10:09"
"Active","9/29/2019 7:03:22 PM","9/29/2019 7:07:15 PM","0:03:53"
"Active","9/30/2019 8:02:06 AM","9/30/2019 9:31:56 AM","1:29:50"
"Away","9/30/2019 9:31:56 AM","9/30/2019 9:33:14 AM","0:01:18"
"Power off","9/30/2019 9:33:14 AM","9/30/2019 9:39:51 AM","0:06:37"
"Session lock","9/30/2019 9:39:51 AM","9/30/2019 9:39:56 AM","0:00:05"
"Active","9/30/2019 9:39:56 AM","9/30/2019 10:08:20 AM","0:28:24"
"Away","9/30/2019 10:08:20 AM","9/30/2019 10:09:30 AM","0:01:10"
"Power off","9/30/2019 10:09:30 AM","9/30/2019 10:14:07 AM","0:04:37"
"Session lock","9/30/2019 10:14:07 AM","9/30/2019 10:14:14 AM","0:00:07"
"Active","9/30/2019 10:14:14 AM","9/30/2019 10:23:05 AM","0:08:51"
"Away","9/30/2019 10:23:05 AM","9/30/2019 10:23:15 AM","0:00:10"
"Power off","9/30/2019 10:23:15 AM","9/30/2019 10:49:38 AM","0:26:23"
"Active","9/30/2019 10:49:38 AM","9/30/2019 11:17:44 AM","0:28:06"
"Away","9/30/2019 11:17:44 AM","9/30/2019 11:33:01 AM","0:15:17"
"Power off","9/30/2019 11:33:01 AM","9/30/2019 11:45:29 AM","0:12:28"
"Session lock","9/30/2019 11:45:29 AM","9/30/2019 11:45:34 AM","0:00:05"
"Away","9/30/2019 11:45:34 AM","9/30/2019 11:46:23 AM","0:00:49"
"Power off","9/30/2019 11:46:23 AM","9/30/2019 11:50:03 AM","0:03:40"
"Session lock","9/30/2019 11:50:03 AM","9/30/2019 11:50:10 AM","0:00:07"
"Active","9/30/2019 11:50:10 AM","9/30/2019 11:57:41 AM","0:07:31"
"Away","9/30/2019 11:57:41 AM","9/30/2019 11:58:14 AM","0:00:33"
"Power off","9/30/2019 11:58:14 AM","9/30/2019 1:32:56 PM","1:34:42"
"Session lock","9/30/2019 1:32:56 PM","9/30/2019 1:33:01 PM","0:00:05"
"Active","9/30/2019 1:33:01 PM","9/30/2019 1:41:54 PM","0:08:53"
"Power off","9/30/2019 1:41:54 PM","9/30/2019 2:22:04 PM","0:40:10"
"Session lock","9/30/2019 2:22:04 PM","9/30/2019 2:22:15 PM","0:00:11"
"Active","9/30/2019 2:22:15 PM","9/30/2019 2:24:26 PM","0:02:11"
"Away","9/30/2019 2:24:26 PM","9/30/2019 2:25:14 PM","0:00:48"
"Power off","9/30/2019 2:25:14 PM","9/30/2019 2:27:34 PM","0:02:20"
"Session lock","9/30/2019 2:27:34 PM","9/30/2019 2:27:39 PM","0:00:05"
"Active","9/30/2019 2:27:39 PM","9/30/2019 2:44:51 PM","0:17:12"
"Away","9/30/2019 2:44:51 PM","9/30/2019 2:45:32 PM","0:00:41"
"Power off","9/30/2019 2:45:32 PM","9/30/2019 3:56:45 PM","1:11:13"
"Session lock","9/30/2019 3:56:45 PM","9/30/2019 3:56:56 PM","0:00:11"
"Active","9/30/2019 3:56:56 PM","9/30/2019 4:01:58 PM","0:05:02"
"Away","9/30/2019 4:01:58 PM","9/30/2019 4:12:41 PM","0:10:43"
"Active","9/30/2019 4:12:41 PM","9/30/2019 4:23:24 PM","0:10:43"
"Away","9/30/2019 4:23:24 PM","9/30/2019 4:39:59 PM","0:16:35"
"Active","9/30/2019 4:39:59 PM","9/30/2019 4:49:32 PM","0:09:33"
"Away","9/30/2019 4:49:32 PM","9/30/2019 5:04:13 PM","0:14:41"
"Active","9/30/2019 5:04:13 PM","9/30/2019 5:04:18 PM","0:00:05"
"Power off","9/30/2019 5:04:18 PM","9/30/2019 5:48:40 PM","0:44:22"
"Session lock","9/30/2019 5:48:40 PM","9/30/2019 5:48:46 PM","0:00:06"
"Active","9/30/2019 5:48:46 PM","9/30/2019 5:55:58 PM","0:07:12"
"Away","9/30/2019 5:55:58 PM","9/30/2019 5:56:17 PM","0:00:19"
"Power off","9/30/2019 5:56:17 PM","9/30/2019 7:58:39 PM","2:02:22"
"Session lock","9/30/2019 7:58:39 PM","9/30/2019 7:58:44 PM","0:00:05"
"Active","9/30/2019 7:58:44 PM","9/30/2019 8:24:59 PM","0:26:15"
"Away","9/30/2019 8:24:59 PM","9/30/2019 8:29:50 PM","0:04:51"
"Power off","9/30/2019 8:29:50 PM","9/30/2019 8:45:39 PM","0:15:49"
"Session lock","9/30/2019 8:45:39 PM","9/30/2019 8:45:44 PM","0:00:05"
"Active","9/30/2019 8:45:44 PM","9/30/2019 8:56:16 PM","0:10:32"
"Active","10/1/2019 8:00:25 AM","10/1/2019 8:38:47 AM","0:38:22"
"Power off","10/1/2019 8:38:47 AM","10/1/2019 8:41:42 AM","0:02:55"
"Session lock","10/1/2019 8:41:42 AM","10/1/2019 8:41:53 AM","0:00:11"
"Active","10/1/2019 8:41:53 AM","10/1/2019 9:54:42 AM","1:12:49"
"Away","10/1/2019 9:54:42 AM","10/1/2019 9:58:40 AM","0:03:58"
"Power off","10/1/2019 9:58:40 AM","10/1/2019 10:04:32 AM","0:05:52"
"Session lock","10/1/2019 10:04:32 AM","10/1/2019 10:04:37 AM","0:00:05"
"Active","10/1/2019 10:04:37 AM","10/1/2019 10:43:42 AM","0:39:05"
"Power off","10/1/2019 10:43:42 AM","10/1/2019 10:49:06 AM","0:05:24"
"Session lock","10/1/2019 10:49:06 AM","10/1/2019 10:49:12 AM","0:00:06"
"Active","10/1/2019 10:49:12 AM","10/1/2019 11:54:43 AM","1:05:31"
"Away","10/1/2019 11:54:43 AM","10/1/2019 11:55:13 AM","0:00:30"
"Power off","10/1/2019 11:55:13 AM","10/1/2019 1:48:30 PM","1:53:17"
"Session lock","10/1/2019 1:48:30 PM","10/1/2019 1:48:39 PM","0:00:09"
"Active","10/1/2019 1:48:39 PM","10/1/2019 2:35:42 PM","0:47:03"
"Away","10/1/2019 2:35:42 PM","10/1/2019 3:00:06 PM","0:24:24"
"Active","10/1/2019 3:00:06 PM","10/1/2019 3:04:38 PM","0:04:32"
"Away","10/1/2019 3:04:38 PM","10/1/2019 3:27:51 PM","0:23:13"
"Active","10/1/2019 3:27:51 PM","10/1/2019 3:27:57 PM","0:00:06"
"Power off","10/1/2019 3:27:57 PM","10/1/2019 3:33:01 PM","0:05:04"
"Session lock","10/1/2019 3:33:01 PM","10/1/2019 3:33:06 PM","0:00:05"
"Active","10/1/2019 3:33:06 PM","10/1/2019 4:09:03 PM","0:35:57"
"Away","10/1/2019 4:09:03 PM","10/1/2019 4:49:21 PM","0:40:18"
"Active","10/1/2019 4:49:21 PM","10/1/2019 4:57:44 PM","0:08:23"
"Away","10/1/2019 4:57:44 PM","10/1/2019 5:05:24 PM","0:07:40"
"Power off","10/1/2019 5:05:24 PM","10/1/2019 5:47:50 PM","0:42:26"
"Session lock","10/1/2019 5:47:50 PM","10/1/2019 5:47:56 PM","0:00:06"
"Active","10/1/2019 5:47:56 PM","10/1/2019 5:48:06 PM","0:00:10"
"Active","10/1/2019 5:48:08 PM","10/1/2019 5:58:16 PM","0:10:08"
"Active","10/2/2019 7:56:14 AM","10/2/2019 9:43:14 AM","1:47:00"
"Away","10/2/2019 9:43:14 AM","10/2/2019 9:44:21 AM","0:01:07"
"Power off","10/2/2019 9:44:21 AM","10/2/2019 9:50:14 AM","0:05:53"
"Active","10/2/2019 9:50:14 AM","10/2/2019 10:58:39 AM","1:08:25"
"Power off","10/2/2019 10:58:39 AM","10/2/2019 11:11:41 AM","0:13:02"
"Session lock","10/2/2019 11:11:41 AM","10/2/2019 11:11:48 AM","0:00:07"
"Active","10/2/2019 11:11:48 AM","10/2/2019 11:31:04 AM","0:19:16"
"Power off","10/2/2019 11:31:04 AM","10/2/2019 12:01:10 PM","0:30:06"
"Session lock","10/2/2019 12:01:10 PM","10/2/2019 12:01:18 PM","0:00:08"
"Active","10/2/2019 12:01:18 PM","10/2/2019 12:02:30 PM","0:01:12"
"Power off","10/2/2019 12:02:30 PM","10/2/2019 1:07:20 PM","1:04:50"
"Session lock","10/2/2019 1:07:20 PM","10/2/2019 1:07:25 PM","0:00:05"
"Active","10/2/2019 1:07:25 PM","10/2/2019 1:23:37 PM","0:16:12"
"Away","10/2/2019 1:23:37 PM","10/2/2019 1:23:45 PM","0:00:08"
"Power off","10/2/2019 1:23:45 PM","10/2/2019 1:26:00 PM","0:02:15"
"Session lock","10/2/2019 1:26:00 PM","10/2/2019 1:26:05 PM","0:00:05"
"Active","10/2/2019 1:26:05 PM","10/2/2019 1:57:21 PM","0:31:16"
"Away","10/2/2019 1:57:21 PM","10/2/2019 2:08:01 PM","0:10:40"
"Active","10/2/2019 2:08:01 PM","10/2/2019 2:21:42 PM","0:13:41"
"Away","10/2/2019 2:21:42 PM","10/2/2019 2:37:09 PM","0:15:27"
"Power off","10/2/2019 2:37:09 PM","10/2/2019 3:52:27 PM","1:15:18"
"Session lock","10/2/2019 3:52:27 PM","10/2/2019 3:52:32 PM","0:00:05"
"Active","10/2/2019 3:52:32 PM","10/2/2019 3:54:18 PM","0:01:46"
"Away","10/2/2019 3:54:18 PM","10/2/2019 4:35:13 PM","0:40:55"
"Active","10/2/2019 4:35:13 PM","10/2/2019 5:18:07 PM","0:42:54"
"Away","10/2/2019 5:18:07 PM","10/2/2019 5:18:22 PM","0:00:15"
"Power off","10/2/2019 5:18:22 PM","10/2/2019 5:20:39 PM","0:02:17"
"Active","10/2/2019 5:20:39 PM","10/2/2019 5:57:53 PM","0:37:14"
"Away","10/2/2019 5:57:53 PM","10/2/2019 6:18:00 PM","0:20:07"
"Power off","10/2/2019 6:18:00 PM","10/2/2019 6:52:57 PM","0:34:57"
"Session lock","10/2/2019 6:52:57 PM","10/2/2019 6:53:02 PM","0:00:05"
"Active","10/2/2019 6:53:02 PM","10/2/2019 8:01:21 PM","1:08:19"
"Away","10/2/2019 8:01:21 PM","10/2/2019 8:47:58 PM","0:46:37"
"Active","10/2/2019 8:47:58 PM","10/2/2019 8:52:07 PM","0:04:09"
"Away","10/2/2019 8:52:07 PM","10/2/2019 9:44:40 PM","0:52:33"
"Active","10/2/2019 9:44:40 PM","10/2/2019 9:45:29 PM","0:00:49"
"Active","10/3/2019 7:56:29 AM","10/3/2019 8:07:08 AM","0:10:39"
"Away","10/3/2019 8:07:08 AM","10/3/2019 8:07:15 AM","0:00:07"
"Power off","10/3/2019 8:07:15 AM","10/3/2019 8:10:38 AM","0:03:23"
"Session lock","10/3/2019 8:10:38 AM","10/3/2019 8:11:10 AM","0:00:32"
"Active","10/3/2019 8:11:10 AM","10/3/2019 10:20:55 AM","2:09:45"
"Power off","10/3/2019 10:20:55 AM","10/3/2019 10:24:23 AM","0:03:28"
"Active","10/3/2019 10:24:23 AM","10/3/2019 10:24:27 AM","0:00:04"
"Active","10/3/2019 10:26:14 AM","10/3/2019 10:27:14 AM","0:01:00"
"Active","10/3/2019 10:34:22 AM","10/3/2019 10:56:39 AM","0:22:17"
"Away","10/3/2019 10:56:39 AM","10/3/2019 10:56:45 AM","0:00:06"
"Session lock","10/3/2019 10:56:45 AM","10/3/2019 10:56:50 AM","0:00:05"
"Power off","10/3/2019 10:56:50 AM","10/3/2019 10:57:09 AM","0:00:19"
"Active","10/3/2019 10:57:09 AM","10/3/2019 10:57:13 AM","0:00:04"
"Active","10/3/2019 10:59:47 AM","10/3/2019 11:54:22 AM","0:54:35"
"Power off","10/3/2019 11:54:22 AM","10/3/2019 12:19:54 PM","0:25:32"
"Session lock","10/3/2019 12:19:54 PM","10/3/2019 12:50:42 PM","0:30:48"
"Power off","10/3/2019 12:50:42 PM","10/3/2019 1:06:08 PM","0:15:26"
"Session lock","10/3/2019 1:06:08 PM","10/3/2019 1:06:17 PM","0:00:09"
"Active","10/3/2019 1:06:17 PM","10/3/2019 4:33:24 PM","3:27:07"
"Away","10/3/2019 4:33:24 PM","10/3/2019 4:52:00 PM","0:18:36"
"Active","10/3/2019 4:52:00 PM","10/3/2019 8:01:50 PM","3:09:50"
"Away","10/3/2019 8:01:50 PM","10/3/2019 8:12:14 PM","0:10:24"
"Active","10/3/2019 8:12:14 PM","10/3/2019 8:28:49 PM","0:16:35"
"Active","10/4/2019 7:46:59 AM","10/4/2019 8:12:43 AM","0:25:44"
"Away","10/4/2019 8:12:43 AM","10/4/2019 8:13:18 AM","0:00:35"
"Power off","10/4/2019 8:13:18 AM","10/4/2019 9:06:25 AM","0:53:07"
"Session lock","10/4/2019 9:06:25 AM","10/4/2019 9:06:33 AM","0:00:08"
"Active","10/4/2019 9:06:33 AM","10/4/2019 9:50:31 AM","0:43:58"
"Away","10/4/2019 9:50:31 AM","10/4/2019 9:50:37 AM","0:00:06"
"Power off","10/4/2019 9:50:37 AM","10/4/2019 1:52:50 PM","4:02:13"
"Session lock","10/4/2019 1:52:50 PM","10/4/2019 1:52:57 PM","0:00:07"
"Active","10/4/2019 1:52:57 PM","10/4/2019 2:28:37 PM","0:35:40"
"Away","10/4/2019 2:28:37 PM","10/4/2019 2:29:32 PM","0:00:55"
"Power off","10/4/2019 2:29:32 PM","10/4/2019 2:33:03 PM","0:03:31"
"Active","10/4/2019 2:33:03 PM","10/4/2019 2:33:11 PM","0:00:08"
"Away","10/4/2019 2:33:11 PM","10/4/2019 2:50:13 PM","0:17:02"
"Active","10/4/2019 2:50:13 PM","10/4/2019 2:50:47 PM","0:00:34"
"Away","10/4/2019 2:50:47 PM","10/4/2019 3:09:52 PM","0:19:05"
"Active","10/4/2019 3:09:52 PM","10/4/2019 3:23:34 PM","0:13:42"
"Power off","10/4/2019 3:23:34 PM","10/4/2019 3:38:05 PM","0:14:31"
"Active","10/4/2019 3:38:05 PM","10/4/2019 3:39:01 PM","0:00:56"
"Away","10/4/2019 3:39:01 PM","10/4/2019 3:51:18 PM","0:12:17"
"Power off","10/4/2019 3:51:18 PM","10/4/2019 4:32:17 PM","0:40:59"
"Session lock","10/4/2019 4:32:17 PM","10/4/2019 4:32:27 PM","0:00:10"
"Active","10/4/2019 4:32:27 PM","10/4/2019 6:33:11 PM","2:00:44"
"Away","10/4/2019 6:33:11 PM","10/4/2019 6:43:26 PM","0:10:15"
"Active","10/4/2019 6:43:26 PM","10/4/2019 7:37:29 PM","0:54:03"
"Away","10/4/2019 7:37:29 PM","10/4/2019 7:49:42 PM","0:12:13"
"Active","10/4/2019 7:49:42 PM","10/4/2019 7:56:17 PM","0:06:35"
"Away","10/4/2019 7:56:17 PM","10/4/2019 9:51:00 PM","1:54:43"
"Active","10/4/2019 9:51:00 PM","10/4/2019 9:52:00 PM","0:01:00"
"Active","10/5/2019 10:17:11 AM","10/5/2019 11:08:11 AM","0:51:00"
"Away","10/5/2019 11:08:11 AM","10/5/2019 11:19:57 AM","0:11:46"
"Active","10/5/2019 11:19:57 AM","10/5/2019 1:40:47 PM","2:20:50"
"Away","10/5/2019 1:40:47 PM","10/5/2019 1:51:04 PM","0:10:17"
"Active","10/5/2019 1:51:04 PM","10/5/2019 2:52:49 PM","1:01:45"
"Away","10/5/2019 2:52:49 PM","10/5/2019 3:05:49 PM","0:13:00"
"Active","10/5/2019 3:05:49 PM","10/5/2019 3:11:49 PM","0:06:00"
"Away","10/5/2019 3:11:49 PM","10/5/2019 3:32:02 PM","0:20:13"
"Power off","10/5/2019 3:32:02 PM","10/5/2019 6:34:13 PM","3:02:11"
"Session lock","10/5/2019 6:34:13 PM","10/5/2019 6:34:44 PM","0:00:31"
"Active","10/5/2019 6:34:44 PM","10/5/2019 7:41:00 PM","1:06:16"
"Away","10/5/2019 7:41:00 PM","10/5/2019 7:41:38 PM","0:00:38"
"Power off","10/5/2019 7:41:38 PM","10/5/2019 7:58:26 PM","0:16:48"
"Session lock","10/5/2019 7:58:26 PM","10/5/2019 7:58:37 PM","0:00:11"
"Active","10/5/2019 7:58:37 PM","10/5/2019 8:48:44 PM","0:50:07"
"Away","10/5/2019 8:48:44 PM","10/5/2019 9:08:47 PM","0:20:03"
"Active","10/5/2019 9:08:47 PM","10/5/2019 9:13:10 PM","0:04:23"
"Away","10/5/2019 9:13:10 PM","10/5/2019 9:27:30 PM","0:14:20"
"Active","10/5/2019 9:27:30 PM","10/5/2019 9:29:38 PM","0:02:08"
"Active","10/6/2019 11:06:12 AM","10/6/2019 11:19:56 AM","0:13:44"
"Active","10/6/2019 11:19:56 AM","10/6/2019 11:35:44 AM","0:15:48"
"Away","10/6/2019 11:35:44 AM","10/6/2019 11:51:26 AM","0:15:42"
"Active","10/6/2019 11:51:26 AM","10/6/2019 12:02:52 PM","0:11:26"
"Away","10/6/2019 12:02:52 PM","10/6/2019 12:22:55 PM","0:20:03"
"Power off","10/6/2019 12:22:55 PM","10/6/2019 12:27:56 PM","0:05:01"
"Session lock","10/6/2019 12:27:56 PM","10/6/2019 12:28:01 PM","0:00:05"
"Active","10/6/2019 12:28:01 PM","10/6/2019 1:27:27 PM","0:59:26"
"Away","10/6/2019 1:27:27 PM","10/6/2019 1:38:57 PM","0:11:30"
"Active","10/6/2019 1:38:57 PM","10/6/2019 2:22:59 PM","0:44:02"
"Away","10/6/2019 2:22:59 PM","10/6/2019 3:02:16 PM","0:39:17"
"Active","10/6/2019 3:02:16 PM","10/6/2019 4:00:35 PM","0:58:19"
"Away","10/6/2019 4:00:35 PM","10/6/2019 4:16:32 PM","0:15:57"
"Active","10/6/2019 4:16:32 PM","10/6/2019 7:31:55 PM","3:15:23"
"Away","10/6/2019 7:31:55 PM","10/6/2019 7:43:15 PM","0:11:20"
"Active","10/6/2019 7:43:15 PM","10/6/2019 8:44:29 PM","1:01:14"
"Away","10/6/2019 8:44:29 PM","10/6/2019 8:54:41 PM","0:10:12"
"Active","10/6/2019 8:54:41 PM","10/6/2019 8:58:28 PM","0:03:47"
"Away","10/6/2019 8:58:28 PM","10/6/2019 9:19:20 PM","0:20:52"
"Active","10/6/2019 9:19:20 PM","10/6/2019 9:53:31 PM","0:34:11"
"Away","10/6/2019 9:53:31 PM","10/6/2019 10:03:47 PM","0:10:16"
"Active","10/6/2019 10:03:47 PM","10/6/2019 10:17:32 PM","0:13:45"
"Active","10/7/2019 7:48:00 AM","10/7/2019 7:53:28 AM","0:05:28"
"Away","10/7/2019 7:53:28 AM","10/7/2019 7:57:32 AM","0:04:04"
"Power off","10/7/2019 7:57:32 AM","10/7/2019 8:02:59 AM","0:05:27"
"Session lock","10/7/2019 8:02:59 AM","10/7/2019 8:03:13 AM","0:00:14"
"Active","10/7/2019 8:03:13 AM","10/7/2019 8:11:27 AM","0:08:14"
"Away","10/7/2019 8:11:27 AM","10/7/2019 8:22:07 AM","0:10:40"
"Active","10/7/2019 8:22:07 AM","10/7/2019 8:40:39 AM","0:18:32"
"Away","10/7/2019 8:40:39 AM","10/7/2019 8:52:57 AM","0:12:18"
"Power off","10/7/2019 8:52:57 AM","10/7/2019 9:25:37 AM","0:32:40"
"Session lock","10/7/2019 9:25:37 AM","10/7/2019 9:25:44 AM","0:00:07"
"Active","10/7/2019 9:25:44 AM","10/7/2019 9:50:39 AM","0:24:55"
"Away","10/7/2019 9:50:39 AM","10/7/2019 9:55:04 AM","0:04:25"
"Power off","10/7/2019 9:55:04 AM","10/7/2019 9:58:46 AM","0:03:42"
"Active","10/7/2019 9:58:46 AM","10/7/2019 10:23:17 AM","0:24:31"
"Power off","10/7/2019 10:23:17 AM","10/7/2019 10:58:03 AM","0:34:46"
"Session lock","10/7/2019 10:58:03 AM","10/7/2019 10:58:10 AM","0:00:07"
"Active","10/7/2019 10:58:10 AM","10/7/2019 11:25:16 AM","0:27:06"
"Power off","10/7/2019 11:25:16 AM","10/7/2019 11:37:48 AM","0:12:32"
"Session lock","10/7/2019 11:37:48 AM","10/7/2019 11:37:53 AM","0:00:05"
"Away","10/7/2019 11:37:53 AM","10/7/2019 11:37:59 AM","0:00:06"
"Power off","10/7/2019 11:37:59 AM","10/7/2019 3:25:25 PM","3:47:26"
"Session lock","10/7/2019 3:25:25 PM","10/7/2019 3:25:33 PM","0:00:08"
"Active","10/7/2019 3:25:33 PM","10/7/2019 3:54:16 PM","0:28:43"
"Power off","10/7/2019 3:54:16 PM","10/7/2019 5:12:00 PM","1:17:44"
"Session lock","10/7/2019 5:12:00 PM","10/7/2019 5:12:06 PM","0:00:06"
"Active","10/7/2019 5:12:06 PM","10/7/2019 5:15:36 PM","0:03:30"
"Active","10/8/2019 7:48:34 AM","10/8/2019 9:44:23 AM","1:55:49"
"Away","10/8/2019 9:44:23 AM","10/8/2019 9:44:32 AM","0:00:09"
"Power off","10/8/2019 9:44:32 AM","10/8/2019 10:44:00 AM","0:59:28"
"Session lock","10/8/2019 10:44:00 AM","10/8/2019 10:44:10 AM","0:00:10"
"Active","10/8/2019 10:44:10 AM","10/8/2019 11:14:18 AM","0:30:08"
"Away","10/8/2019 11:14:18 AM","10/8/2019 11:29:28 AM","0:15:10"
"Power off","10/8/2019 11:29:28 AM","10/8/2019 11:37:56 AM","0:08:28"
"Session lock","10/8/2019 11:37:56 AM","10/8/2019 11:39:26 AM","0:01:30"
"Active","10/8/2019 11:39:26 AM","10/8/2019 11:54:24 AM","0:14:58"
"Away","10/8/2019 11:54:24 AM","10/8/2019 11:59:33 AM","0:05:09"
"Power off","10/8/2019 11:59:33 AM","10/8/2019 12:38:11 PM","0:38:38"
"Session lock","10/8/2019 12:38:11 PM","10/8/2019 12:38:33 PM","0:00:22"
"Active","10/8/2019 12:38:33 PM","10/8/2019 12:47:56 PM","0:09:23"
"Power off","10/8/2019 12:47:56 PM","10/8/2019 12:52:29 PM","0:04:33"
"Session lock","10/8/2019 12:52:29 PM","10/8/2019 12:52:35 PM","0:00:06"
"Active","10/8/2019 12:52:35 PM","10/8/2019 1:52:38 PM","1:00:03"
"Power off","10/8/2019 1:52:38 PM","10/8/2019 3:46:08 PM","1:53:30"
"Session lock","10/8/2019 3:46:08 PM","10/8/2019 3:46:15 PM","0:00:07"
"Active","10/8/2019 3:46:15 PM","10/8/2019 4:45:17 PM","0:59:02"
"Away","10/8/2019 4:45:17 PM","10/8/2019 4:49:33 PM","0:04:16"
"Power off","10/8/2019 4:49:33 PM","10/8/2019 6:07:44 PM","1:18:11"
"Session lock","10/8/2019 6:07:44 PM","10/8/2019 6:07:51 PM","0:00:07"
"Active","10/8/2019 6:07:51 PM","10/8/2019 6:12:06 PM","0:04:15"
